product_code,product_name,expected_quantity,unit_price,supplier_name,supplier_invoice,batch_number,notes
PROD0001,Sample Product 1,88,28.96,TechCorp,INV-0001,BATCH-001,Auto-generated test record
PROD0002,Sample Product 2,322,217.26,OfficeSupplies,INV-0002,BATCH-002,Auto-generated test record
PROD0003,Sample Product 3,102,297.68,FurniturePlus,INV-0003,BATCH-003,Auto-generated test record
PROD0004,Sample Product 4,417,65.26,GadgetWorld,INV-0004,BATCH-004,Auto-generated test record
PROD0005,Sample Product 5,341,135.96,SupplyCo,INV-0005,BATCH-005,Auto-generated test record
PROD0006,Sample Product 6,67,219.83,TechCorp,INV-0006,BATCH-006,Auto-generated test record
PROD0007,Sample Product 7,232,239.80,OfficeSupplies,INV-0007,BATCH-007,Auto-generated test record
PROD0008,Sample Product 8,329,111.99,FurniturePlus,INV-0008,BATCH-008,Auto-generated test record
PROD0009,Sample Product 9,325,408.71,GadgetWorld,INV-0009,BATCH-009,Auto-generated test record
PROD0010,Sample Product 10,226,108.71,SupplyCo,INV-0010,BATCH-010,Auto-generated test record
PROD0011,Sample Product 11,200,63.63,TechCorp,INV-0011,BATCH-011,Auto-generated test record
PROD0012,Sample Product 12,29,57.97,OfficeSupplies,INV-0012,BATCH-012,Auto-generated test record
PROD0013,Sample Product 13,130,443.90,FurniturePlus,INV-0013,BATCH-013,Auto-generated test record
PROD0014,Sample Product 14,159,463.05,GadgetWorld,INV-0014,BATCH-014,Auto-generated test record
PROD0015,Sample Product 15,87,23.39,SupplyCo,INV-0015,BATCH-015,Auto-generated test record
PROD0016,Sample Product 16,185,311.97,TechCorp,INV-0016,BATCH-016,Auto-generated test record
PROD0017,Sample Product 17,60,104.85,OfficeSupplies,INV-0017,BATCH-017,Auto-generated test record
PROD0018,Sample Product 18,412,99.12,FurniturePlus,INV-0018,BATCH-018,Auto-generated test record
PROD0019,Sample Product 19,451,407.58,GadgetWorld,INV-0019,BATCH-019,Auto-generated test record
PROD0020,Sample Product 20,470,433.35,SupplyCo,INV-0020,BATCH-020,Auto-generated test record
PROD0021,Sample Product 21,1,241.38,TechCorp,INV-0021,BATCH-021,Auto-generated test record
PROD0022,Sample Product 22,288,458.56,OfficeSupplies,INV-0022,BATCH-022,Auto-generated test record
PROD0023,Sample Product 23,370,225.53,FurniturePlus,INV-0023,BATCH-023,Auto-generated test record
PROD0024,Sample Product 24,406,127.59,GadgetWorld,INV-0024,BATCH-024,Auto-generated test record
PROD0025,Sample Product 25,343,26.09,SupplyCo,INV-0025,BATCH-025,Auto-generated test record
PROD0026,Sample Product 26,165,320.88,TechCorp,INV-0026,BATCH-026,Auto-generated test record
PROD0027,Sample Product 27,278,356.64,OfficeSupplies,INV-0027,BATCH-027,Auto-generated test record
PROD0028,Sample Product 28,433,167.47,FurniturePlus,INV-0028,BATCH-028,Auto-generated test record
PROD0029,Sample Product 29,273,143.39,GadgetWorld,INV-0029,BATCH-029,Auto-generated test record
PROD0030,Sample Product 30,24,59.04,SupplyCo,INV-0030,BATCH-030,Auto-generated test record
PROD0031,Sample Product 31,148,164.30,TechCorp,INV-0031,BATCH-031,Auto-generated test record
PROD0032,Sample Product 32,366,404.65,OfficeSupplies,INV-0032,BATCH-032,Auto-generated test record
PROD0033,Sample Product 33,281,352.36,FurniturePlus,INV-0033,BATCH-033,Auto-generated test record
PROD0034,Sample Product 34,459,454.08,GadgetWorld,INV-0034,BATCH-034,Auto-generated test record
PROD0035,Sample Product 35,376,88.64,SupplyCo,INV-0035,BATCH-035,Auto-generated test record
PROD0036,Sample Product 36,391,157.91,TechCorp,INV-0036,BATCH-036,Auto-generated test record
PROD0037,Sample Product 37,208,87.53,OfficeSupplies,INV-0037,BATCH-037,Auto-generated test record
PROD0038,Sample Product 38,392,396.80,FurniturePlus,INV-0038,BATCH-038,Auto-generated test record
PROD0039,Sample Product 39,490,395.76,GadgetWorld,INV-0039,BATCH-039,Auto-generated test record
PROD0040,Sample Product 40,389,421.59,SupplyCo,INV-0040,BATCH-040,Auto-generated test record
PROD0041,Sample Product 41,435,263.83,TechCorp,INV-0041,BATCH-041,Auto-generated test record
PROD0042,Sample Product 42,390,432.95,OfficeSupplies,INV-0042,BATCH-042,Auto-generated test record
PROD0043,Sample Product 43,267,221.04,FurniturePlus,INV-0043,BATCH-043,Auto-generated test record
PROD0044,Sample Product 44,238,227.30,GadgetWorld,INV-0044,BATCH-044,Auto-generated test record
PROD0045,Sample Product 45,446,198.56,SupplyCo,INV-0045,BATCH-045,Auto-generated test record
PROD0046,Sample Product 46,79,105.59,TechCorp,INV-0046,BATCH-046,Auto-generated test record
PROD0047,Sample Product 47,223,97.53,OfficeSupplies,INV-0047,BATCH-047,Auto-generated test record
PROD0048,Sample Product 48,453,241.05,FurniturePlus,INV-0048,BATCH-048,Auto-generated test record
PROD0049,Sample Product 49,354,251.77,GadgetWorld,INV-0049,BATCH-049,Auto-generated test record
PROD0050,Sample Product 50,394,347.99,SupplyCo,INV-0050,BATCH-050,Auto-generated test record
PROD0051,Sample Product 51,346,230.35,TechCorp,INV-0051,BATCH-051,Auto-generated test record
PROD0052,Sample Product 52,301,490.00,OfficeSupplies,INV-0052,BATCH-052,Auto-generated test record
PROD0053,Sample Product 53,462,475.64,FurniturePlus,INV-0053,BATCH-053,Auto-generated test record
PROD0054,Sample Product 54,165,163.36,GadgetWorld,INV-0054,BATCH-054,Auto-generated test record
PROD0055,Sample Product 55,109,295.98,SupplyCo,INV-0055,BATCH-055,Auto-generated test record
PROD0056,Sample Product 56,166,318.61,TechCorp,INV-0056,BATCH-056,Auto-generated test record
PROD0057,Sample Product 57,279,160.28,OfficeSupplies,INV-0057,BATCH-057,Auto-generated test record
PROD0058,Sample Product 58,160,348.53,FurniturePlus,INV-0058,BATCH-058,Auto-generated test record
PROD0059,Sample Product 59,49,12.36,GadgetWorld,INV-0059,BATCH-059,Auto-generated test record
PROD0060,Sample Product 60,83,471.43,SupplyCo,INV-0060,BATCH-060,Auto-generated test record
PROD0061,Sample Product 61,457,414.15,TechCorp,INV-0061,BATCH-061,Auto-generated test record
PROD0062,Sample Product 62,340,397.38,OfficeSupplies,INV-0062,BATCH-062,Auto-generated test record
PROD0063,Sample Product 63,378,440.84,FurniturePlus,INV-0063,BATCH-063,Auto-generated test record
PROD0064,Sample Product 64,50,189.10,GadgetWorld,INV-0064,BATCH-064,Auto-generated test record
PROD0065,Sample Product 65,244,24.71,SupplyCo,INV-0065,BATCH-065,Auto-generated test record
PROD0066,Sample Product 66,70,361.96,TechCorp,INV-0066,BATCH-066,Auto-generated test record
PROD0067,Sample Product 67,335,250.81,OfficeSupplies,INV-0067,BATCH-067,Auto-generated test record
PROD0068,Sample Product 68,358,81.26,FurniturePlus,INV-0068,BATCH-068,Auto-generated test record
PROD0069,Sample Product 69,485,493.34,GadgetWorld,INV-0069,BATCH-069,Auto-generated test record
PROD0070,Sample Product 70,257,482.06,SupplyCo,INV-0070,BATCH-070,Auto-generated test record
PROD0071,Sample Product 71,270,443.90,TechCorp,INV-0071,BATCH-071,Auto-generated test record
PROD0072,Sample Product 72,160,448.34,OfficeSupplies,INV-0072,BATCH-072,Auto-generated test record
PROD0073,Sample Product 73,121,477.44,FurniturePlus,INV-0073,BATCH-073,Auto-generated test record
PROD0074,Sample Product 74,290,57.20,GadgetWorld,INV-0074,BATCH-074,Auto-generated test record
PROD0075,Sample Product 75,77,320.34,SupplyCo,INV-0075,BATCH-075,Auto-generated test record
PROD0076,Sample Product 76,217,322.04,TechCorp,INV-0076,BATCH-076,Auto-generated test record
PROD0077,Sample Product 77,321,384.44,OfficeSupplies,INV-0077,BATCH-077,Auto-generated test record
PROD0078,Sample Product 78,264,196.95,FurniturePlus,INV-0078,BATCH-078,Auto-generated test record
PROD0079,Sample Product 79,308,46.62,GadgetWorld,INV-0079,BATCH-079,Auto-generated test record
PROD0080,Sample Product 80,4,372.95,SupplyCo,INV-0080,BATCH-080,Auto-generated test record
PROD0081,Sample Product 81,295,473.56,TechCorp,INV-0081,BATCH-081,Auto-generated test record
PROD0082,Sample Product 82,449,446.79,OfficeSupplies,INV-0082,BATCH-082,Auto-generated test record
PROD0083,Sample Product 83,216,296.60,FurniturePlus,INV-0083,BATCH-083,Auto-generated test record
PROD0084,Sample Product 84,269,356.00,GadgetWorld,INV-0084,BATCH-084,Auto-generated test record
PROD0085,Sample Product 85,83,430.13,SupplyCo,INV-0085,BATCH-085,Auto-generated test record
PROD0086,Sample Product 86,121,422.58,TechCorp,INV-0086,BATCH-086,Auto-generated test record
PROD0087,Sample Product 87,20,378.19,OfficeSupplies,INV-0087,BATCH-087,Auto-generated test record
PROD0088,Sample Product 88,452,428.79,FurniturePlus,INV-0088,BATCH-088,Auto-generated test record
PROD0089,Sample Product 89,333,73.86,GadgetWorld,INV-0089,BATCH-089,Auto-generated test record
PROD0090,Sample Product 90,468,292.67,SupplyCo,INV-0090,BATCH-090,Auto-generated test record
PROD0091,Sample Product 91,15,9.17,TechCorp,INV-0091,BATCH-091,Auto-generated test record
PROD0092,Sample Product 92,401,484.52,OfficeSupplies,INV-0092,BATCH-092,Auto-generated test record
PROD0093,Sample Product 93,384,161.89,FurniturePlus,INV-0093,BATCH-093,Auto-generated test record
PROD0094,Sample Product 94,496,52.09,GadgetWorld,INV-0094,BATCH-094,Auto-generated test record
PROD0095,Sample Product 95,429,139.69,SupplyCo,INV-0095,BATCH-095,Auto-generated test record
PROD0096,Sample Product 96,368,424.80,TechCorp,INV-0096,BATCH-096,Auto-generated test record
PROD0097,Sample Product 97,365,231.69,OfficeSupplies,INV-0097,BATCH-097,Auto-generated test record
PROD0098,Sample Product 98,244,150.99,FurniturePlus,INV-0098,BATCH-098,Auto-generated test record
PROD0099,Sample Product 99,129,352.14,GadgetWorld,INV-0099,BATCH-099,Auto-generated test record
PROD0100,Sample Product 100,459,458.42,SupplyCo,INV-0100,BATCH-100,Auto-generated test record
PROD0101,Sample Product 101,380,344.55,TechCorp,INV-0101,BATCH-101,Auto-generated test record
PROD0102,Sample Product 102,283,223.75,OfficeSupplies,INV-0102,BATCH-102,Auto-generated test record
PROD0103,Sample Product 103,255,427.46,FurniturePlus,INV-0103,BATCH-103,Auto-generated test record
PROD0104,Sample Product 104,45,124.17,GadgetWorld,INV-0104,BATCH-104,Auto-generated test record
PROD0105,Sample Product 105,441,73.60,SupplyCo,INV-0105,BATCH-105,Auto-generated test record
PROD0106,Sample Product 106,381,33.64,TechCorp,INV-0106,BATCH-106,Auto-generated test record
PROD0107,Sample Product 107,72,230.27,OfficeSupplies,INV-0107,BATCH-107,Auto-generated test record
PROD0108,Sample Product 108,216,440.56,FurniturePlus,INV-0108,BATCH-108,Auto-generated test record
PROD0109,Sample Product 109,12,119.03,GadgetWorld,INV-0109,BATCH-109,Auto-generated test record
PROD0110,Sample Product 110,12,283.82,SupplyCo,INV-0110,BATCH-110,Auto-generated test record
PROD0111,Sample Product 111,200,101.24,TechCorp,INV-0111,BATCH-111,Auto-generated test record
PROD0112,Sample Product 112,278,313.76,OfficeSupplies,INV-0112,BATCH-112,Auto-generated test record
PROD0113,Sample Product 113,462,354.30,FurniturePlus,INV-0113,BATCH-113,Auto-generated test record
PROD0114,Sample Product 114,121,107.71,GadgetWorld,INV-0114,BATCH-114,Auto-generated test record
PROD0115,Sample Product 115,303,232.17,SupplyCo,INV-0115,BATCH-115,Auto-generated test record
PROD0116,Sample Product 116,470,423.89,TechCorp,INV-0116,BATCH-116,Auto-generated test record
PROD0117,Sample Product 117,149,253.97,OfficeSupplies,INV-0117,BATCH-117,Auto-generated test record
PROD0118,Sample Product 118,105,198.95,FurniturePlus,INV-0118,BATCH-118,Auto-generated test record
PROD0119,Sample Product 119,132,387.92,GadgetWorld,INV-0119,BATCH-119,Auto-generated test record
PROD0120,Sample Product 120,121,393.13,SupplyCo,INV-0120,BATCH-120,Auto-generated test record
PROD0121,Sample Product 121,424,215.66,TechCorp,INV-0121,BATCH-121,Auto-generated test record
PROD0122,Sample Product 122,78,196.70,OfficeSupplies,INV-0122,BATCH-122,Auto-generated test record
PROD0123,Sample Product 123,238,87.32,FurniturePlus,INV-0123,BATCH-123,Auto-generated test record
PROD0124,Sample Product 124,205,54.20,GadgetWorld,INV-0124,BATCH-124,Auto-generated test record
PROD0125,Sample Product 125,333,285.48,SupplyCo,INV-0125,BATCH-125,Auto-generated test record
PROD0126,Sample Product 126,405,394.57,TechCorp,INV-0126,BATCH-126,Auto-generated test record
PROD0127,Sample Product 127,209,212.36,OfficeSupplies,INV-0127,BATCH-127,Auto-generated test record
PROD0128,Sample Product 128,217,256.17,FurniturePlus,INV-0128,BATCH-128,Auto-generated test record
PROD0129,Sample Product 129,160,93.88,GadgetWorld,INV-0129,BATCH-129,Auto-generated test record
PROD0130,Sample Product 130,113,346.42,SupplyCo,INV-0130,BATCH-130,Auto-generated test record
PROD0131,Sample Product 131,443,141.11,TechCorp,INV-0131,BATCH-131,Auto-generated test record
PROD0132,Sample Product 132,210,57.67,OfficeSupplies,INV-0132,BATCH-132,Auto-generated test record
PROD0133,Sample Product 133,209,49.47,FurniturePlus,INV-0133,BATCH-133,Auto-generated test record
PROD0134,Sample Product 134,417,27.10,GadgetWorld,INV-0134,BATCH-134,Auto-generated test record
PROD0135,Sample Product 135,239,62.82,SupplyCo,INV-0135,BATCH-135,Auto-generated test record
PROD0136,Sample Product 136,58,441.29,TechCorp,INV-0136,BATCH-136,Auto-generated test record
PROD0137,Sample Product 137,53,416.25,OfficeSupplies,INV-0137,BATCH-137,Auto-generated test record
PROD0138,Sample Product 138,330,387.96,FurniturePlus,INV-0138,BATCH-138,Auto-generated test record
PROD0139,Sample Product 139,313,266.67,GadgetWorld,INV-0139,BATCH-139,Auto-generated test record
PROD0140,Sample Product 140,190,421.32,SupplyCo,INV-0140,BATCH-140,Auto-generated test record
PROD0141,Sample Product 141,496,99.08,TechCorp,INV-0141,BATCH-141,Auto-generated test record
PROD0142,Sample Product 142,119,171.99,OfficeSupplies,INV-0142,BATCH-142,Auto-generated test record
PROD0143,Sample Product 143,421,195.66,FurniturePlus,INV-0143,BATCH-143,Auto-generated test record
PROD0144,Sample Product 144,162,356.79,GadgetWorld,INV-0144,BATCH-144,Auto-generated test record
PROD0145,Sample Product 145,248,220.60,SupplyCo,INV-0145,BATCH-145,Auto-generated test record
PROD0146,Sample Product 146,63,390.87,TechCorp,INV-0146,BATCH-146,Auto-generated test record
PROD0147,Sample Product 147,235,50.33,OfficeSupplies,INV-0147,BATCH-147,Auto-generated test record
PROD0148,Sample Product 148,416,121.28,FurniturePlus,INV-0148,BATCH-148,Auto-generated test record
PROD0149,Sample Product 149,383,431.68,GadgetWorld,INV-0149,BATCH-149,Auto-generated test record
PROD0150,Sample Product 150,434,31.84,SupplyCo,INV-0150,BATCH-150,Auto-generated test record
PROD0151,Sample Product 151,110,145.57,TechCorp,INV-0151,BATCH-151,Auto-generated test record
PROD0152,Sample Product 152,213,59.45,OfficeSupplies,INV-0152,BATCH-152,Auto-generated test record
PROD0153,Sample Product 153,429,128.10,FurniturePlus,INV-0153,BATCH-153,Auto-generated test record
PROD0154,Sample Product 154,398,35.78,GadgetWorld,INV-0154,BATCH-154,Auto-generated test record
PROD0155,Sample Product 155,62,285.16,SupplyCo,INV-0155,BATCH-155,Auto-generated test record
PROD0156,Sample Product 156,141,488.17,TechCorp,INV-0156,BATCH-156,Auto-generated test record
PROD0157,Sample Product 157,238,197.91,OfficeSupplies,INV-0157,BATCH-157,Auto-generated test record
PROD0158,Sample Product 158,70,407.70,FurniturePlus,INV-0158,BATCH-158,Auto-generated test record
PROD0159,Sample Product 159,279,231.56,GadgetWorld,INV-0159,BATCH-159,Auto-generated test record
PROD0160,Sample Product 160,112,150.22,SupplyCo,INV-0160,BATCH-160,Auto-generated test record
PROD0161,Sample Product 161,80,307.03,TechCorp,INV-0161,BATCH-161,Auto-generated test record
PROD0162,Sample Product 162,375,92.93,OfficeSupplies,INV-0162,BATCH-162,Auto-generated test record
PROD0163,Sample Product 163,33,385.09,FurniturePlus,INV-0163,BATCH-163,Auto-generated test record
PROD0164,Sample Product 164,309,290.30,GadgetWorld,INV-0164,BATCH-164,Auto-generated test record
PROD0165,Sample Product 165,122,494.47,SupplyCo,INV-0165,BATCH-165,Auto-generated test record
PROD0166,Sample Product 166,418,392.30,TechCorp,INV-0166,BATCH-166,Auto-generated test record
PROD0167,Sample Product 167,30,452.15,OfficeSupplies,INV-0167,BATCH-167,Auto-generated test record
PROD0168,Sample Product 168,321,402.46,FurniturePlus,INV-0168,BATCH-168,Auto-generated test record
PROD0169,Sample Product 169,175,68.66,GadgetWorld,INV-0169,BATCH-169,Auto-generated test record
PROD0170,Sample Product 170,466,185.23,SupplyCo,INV-0170,BATCH-170,Auto-generated test record
PROD0171,Sample Product 171,378,110.68,TechCorp,INV-0171,BATCH-171,Auto-generated test record
PROD0172,Sample Product 172,144,114.04,OfficeSupplies,INV-0172,BATCH-172,Auto-generated test record
PROD0173,Sample Product 173,356,323.25,FurniturePlus,INV-0173,BATCH-173,Auto-generated test record
PROD0174,Sample Product 174,9,397.15,GadgetWorld,INV-0174,BATCH-174,Auto-generated test record
PROD0175,Sample Product 175,66,153.80,SupplyCo,INV-0175,BATCH-175,Auto-generated test record
PROD0176,Sample Product 176,274,58.01,TechCorp,INV-0176,BATCH-176,Auto-generated test record
PROD0177,Sample Product 177,145,376.47,OfficeSupplies,INV-0177,BATCH-177,Auto-generated test record
PROD0178,Sample Product 178,115,102.63,FurniturePlus,INV-0178,BATCH-178,Auto-generated test record
PROD0179,Sample Product 179,6,219.24,GadgetWorld,INV-0179,BATCH-179,Auto-generated test record
PROD0180,Sample Product 180,27,268.86,SupplyCo,INV-0180,BATCH-180,Auto-generated test record
PROD0181,Sample Product 181,165,257.23,TechCorp,INV-0181,BATCH-181,Auto-generated test record
PROD0182,Sample Product 182,327,419.23,OfficeSupplies,INV-0182,BATCH-182,Auto-generated test record
PROD0183,Sample Product 183,113,388.19,FurniturePlus,INV-0183,BATCH-183,Auto-generated test record
PROD0184,Sample Product 184,58,16.77,GadgetWorld,INV-0184,BATCH-184,Auto-generated test record
PROD0185,Sample Product 185,368,100.00,SupplyCo,INV-0185,BATCH-185,Auto-generated test record
PROD0186,Sample Product 186,458,478.05,TechCorp,INV-0186,BATCH-186,Auto-generated test record
PROD0187,Sample Product 187,410,271.79,OfficeSupplies,INV-0187,BATCH-187,Auto-generated test record
PROD0188,Sample Product 188,97,160.74,FurniturePlus,INV-0188,BATCH-188,Auto-generated test record
PROD0189,Sample Product 189,41,460.23,GadgetWorld,INV-0189,BATCH-189,Auto-generated test record
PROD0190,Sample Product 190,339,426.62,SupplyCo,INV-0190,BATCH-190,Auto-generated test record
PROD0191,Sample Product 191,257,154.75,TechCorp,INV-0191,BATCH-191,Auto-generated test record
PROD0192,Sample Product 192,384,376.31,OfficeSupplies,INV-0192,BATCH-192,Auto-generated test record
PROD0193,Sample Product 193,478,81.06,FurniturePlus,INV-0193,BATCH-193,Auto-generated test record
PROD0194,Sample Product 194,411,49.32,GadgetWorld,INV-0194,BATCH-194,Auto-generated test record
PROD0195,Sample Product 195,332,380.97,SupplyCo,INV-0195,BATCH-195,Auto-generated test record
PROD0196,Sample Product 196,365,224.55,TechCorp,INV-0196,BATCH-196,Auto-generated test record
PROD0197,Sample Product 197,202,75.44,OfficeSupplies,INV-0197,BATCH-197,Auto-generated test record
PROD0198,Sample Product 198,407,427.12,FurniturePlus,INV-0198,BATCH-198,Auto-generated test record
PROD0199,Sample Product 199,460,107.10,GadgetWorld,INV-0199,BATCH-199,Auto-generated test record
PROD0200,Sample Product 200,38,38.99,SupplyCo,INV-0200,BATCH-200,Auto-generated test record
PROD0201,Sample Product 201,87,157.93,TechCorp,INV-0201,BATCH-001,Auto-generated test record
PROD0202,Sample Product 202,34,11.51,OfficeSupplies,INV-0202,BATCH-002,Auto-generated test record
PROD0203,Sample Product 203,95,35.22,FurniturePlus,INV-0203,BATCH-003,Auto-generated test record
PROD0204,Sample Product 204,144,57.13,GadgetWorld,INV-0204,BATCH-004,Auto-generated test record
PROD0205,Sample Product 205,319,341.22,SupplyCo,INV-0205,BATCH-005,Auto-generated test record
PROD0206,Sample Product 206,342,237.88,TechCorp,INV-0206,BATCH-006,Auto-generated test record
PROD0207,Sample Product 207,108,158.53,OfficeSupplies,INV-0207,BATCH-007,Auto-generated test record
PROD0208,Sample Product 208,20,355.20,FurniturePlus,INV-0208,BATCH-008,Auto-generated test record
PROD0209,Sample Product 209,60,312.88,GadgetWorld,INV-0209,BATCH-009,Auto-generated test record
PROD0210,Sample Product 210,116,132.71,SupplyCo,INV-0210,BATCH-010,Auto-generated test record
PROD0211,Sample Product 211,269,287.35,TechCorp,INV-0211,BATCH-011,Auto-generated test record
PROD0212,Sample Product 212,276,277.82,OfficeSupplies,INV-0212,BATCH-012,Auto-generated test record
PROD0213,Sample Product 213,444,320.55,FurniturePlus,INV-0213,BATCH-013,Auto-generated test record
PROD0214,Sample Product 214,5,64.71,GadgetWorld,INV-0214,BATCH-014,Auto-generated test record
PROD0215,Sample Product 215,106,110.84,SupplyCo,INV-0215,BATCH-015,Auto-generated test record
PROD0216,Sample Product 216,454,68.82,TechCorp,INV-0216,BATCH-016,Auto-generated test record
PROD0217,Sample Product 217,138,214.68,OfficeSupplies,INV-0217,BATCH-017,Auto-generated test record
PROD0218,Sample Product 218,230,232.66,FurniturePlus,INV-0218,BATCH-018,Auto-generated test record
PROD0219,Sample Product 219,178,463.34,GadgetWorld,INV-0219,BATCH-019,Auto-generated test record
PROD0220,Sample Product 220,350,383.05,SupplyCo,INV-0220,BATCH-020,Auto-generated test record
PROD0221,Sample Product 221,167,345.43,TechCorp,INV-0221,BATCH-021,Auto-generated test record
PROD0222,Sample Product 222,399,220.60,OfficeSupplies,INV-0222,BATCH-022,Auto-generated test record
PROD0223,Sample Product 223,373,284.86,FurniturePlus,INV-0223,BATCH-023,Auto-generated test record
PROD0224,Sample Product 224,28,299.98,GadgetWorld,INV-0224,BATCH-024,Auto-generated test record
PROD0225,Sample Product 225,313,23.30,SupplyCo,INV-0225,BATCH-025,Auto-generated test record
PROD0226,Sample Product 226,165,376.29,TechCorp,INV-0226,BATCH-026,Auto-generated test record
PROD0227,Sample Product 227,88,150.66,OfficeSupplies,INV-0227,BATCH-027,Auto-generated test record
PROD0228,Sample Product 228,373,428.02,FurniturePlus,INV-0228,BATCH-028,Auto-generated test record
PROD0229,Sample Product 229,39,392.55,GadgetWorld,INV-0229,BATCH-029,Auto-generated test record
PROD0230,Sample Product 230,471,361.92,SupplyCo,INV-0230,BATCH-030,Auto-generated test record
PROD0231,Sample Product 231,150,282.67,TechCorp,INV-0231,BATCH-031,Auto-generated test record
PROD0232,Sample Product 232,358,281.80,OfficeSupplies,INV-0232,BATCH-032,Auto-generated test record
PROD0233,Sample Product 233,267,229.83,FurniturePlus,INV-0233,BATCH-033,Auto-generated test record
PROD0234,Sample Product 234,43,273.37,GadgetWorld,INV-0234,BATCH-034,Auto-generated test record
PROD0235,Sample Product 235,33,106.63,SupplyCo,INV-0235,BATCH-035,Auto-generated test record
PROD0236,Sample Product 236,249,144.29,TechCorp,INV-0236,BATCH-036,Auto-generated test record
PROD0237,Sample Product 237,344,279.11,OfficeSupplies,INV-0237,BATCH-037,Auto-generated test record
PROD0238,Sample Product 238,128,180.62,FurniturePlus,INV-0238,BATCH-038,Auto-generated test record
PROD0239,Sample Product 239,467,307.59,GadgetWorld,INV-0239,BATCH-039,Auto-generated test record
PROD0240,Sample Product 240,131,67.54,SupplyCo,INV-0240,BATCH-040,Auto-generated test record
PROD0241,Sample Product 241,212,475.87,TechCorp,INV-0241,BATCH-041,Auto-generated test record
PROD0242,Sample Product 242,187,215.31,OfficeSupplies,INV-0242,BATCH-042,Auto-generated test record
PROD0243,Sample Product 243,15,74.40,FurniturePlus,INV-0243,BATCH-043,Auto-generated test record
PROD0244,Sample Product 244,480,381.03,GadgetWorld,INV-0244,BATCH-044,Auto-generated test record
PROD0245,Sample Product 245,50,202.33,SupplyCo,INV-0245,BATCH-045,Auto-generated test record
PROD0246,Sample Product 246,379,9.93,TechCorp,INV-0246,BATCH-046,Auto-generated test record
PROD0247,Sample Product 247,279,220.79,OfficeSupplies,INV-0247,BATCH-047,Auto-generated test record
PROD0248,Sample Product 248,88,140.27,FurniturePlus,INV-0248,BATCH-048,Auto-generated test record
PROD0249,Sample Product 249,93,358.75,GadgetWorld,INV-0249,BATCH-049,Auto-generated test record
PROD0250,Sample Product 250,323,489.21,SupplyCo,INV-0250,BATCH-050,Auto-generated test record
PROD0251,Sample Product 251,391,459.41,TechCorp,INV-0251,BATCH-051,Auto-generated test record
PROD0252,Sample Product 252,403,273.50,OfficeSupplies,INV-0252,BATCH-052,Auto-generated test record
PROD0253,Sample Product 253,413,16.49,FurniturePlus,INV-0253,BATCH-053,Auto-generated test record
PROD0254,Sample Product 254,335,339.01,GadgetWorld,INV-0254,BATCH-054,Auto-generated test record
PROD0255,Sample Product 255,55,170.78,SupplyCo,INV-0255,BATCH-055,Auto-generated test record
PROD0256,Sample Product 256,206,469.42,TechCorp,INV-0256,BATCH-056,Auto-generated test record
PROD0257,Sample Product 257,20,450.73,OfficeSupplies,INV-0257,BATCH-057,Auto-generated test record
PROD0258,Sample Product 258,423,314.51,FurniturePlus,INV-0258,BATCH-058,Auto-generated test record
PROD0259,Sample Product 259,390,165.21,GadgetWorld,INV-0259,BATCH-059,Auto-generated test record
PROD0260,Sample Product 260,245,355.25,SupplyCo,INV-0260,BATCH-060,Auto-generated test record
PROD0261,Sample Product 261,440,330.96,TechCorp,INV-0261,BATCH-061,Auto-generated test record
PROD0262,Sample Product 262,74,110.27,OfficeSupplies,INV-0262,BATCH-062,Auto-generated test record
PROD0263,Sample Product 263,241,256.59,FurniturePlus,INV-0263,BATCH-063,Auto-generated test record
PROD0264,Sample Product 264,9,139.83,GadgetWorld,INV-0264,BATCH-064,Auto-generated test record
PROD0265,Sample Product 265,304,174.22,SupplyCo,INV-0265,BATCH-065,Auto-generated test record
PROD0266,Sample Product 266,231,461.79,TechCorp,INV-0266,BATCH-066,Auto-generated test record
PROD0267,Sample Product 267,171,486.15,OfficeSupplies,INV-0267,BATCH-067,Auto-generated test record
PROD0268,Sample Product 268,97,423.90,FurniturePlus,INV-0268,BATCH-068,Auto-generated test record
PROD0269,Sample Product 269,2,436.65,GadgetWorld,INV-0269,BATCH-069,Auto-generated test record
PROD0270,Sample Product 270,58,142.55,SupplyCo,INV-0270,BATCH-070,Auto-generated test record
PROD0271,Sample Product 271,230,452.74,TechCorp,INV-0271,BATCH-071,Auto-generated test record
PROD0272,Sample Product 272,382,79.52,OfficeSupplies,INV-0272,BATCH-072,Auto-generated test record
PROD0273,Sample Product 273,376,197.09,FurniturePlus,INV-0273,BATCH-073,Auto-generated test record
PROD0274,Sample Product 274,254,248.77,GadgetWorld,INV-0274,BATCH-074,Auto-generated test record
PROD0275,Sample Product 275,366,203.62,SupplyCo,INV-0275,BATCH-075,Auto-generated test record
PROD0276,Sample Product 276,54,257.69,TechCorp,INV-0276,BATCH-076,Auto-generated test record
PROD0277,Sample Product 277,448,241.00,OfficeSupplies,INV-0277,BATCH-077,Auto-generated test record
PROD0278,Sample Product 278,387,327.73,FurniturePlus,INV-0278,BATCH-078,Auto-generated test record
PROD0279,Sample Product 279,149,448.22,GadgetWorld,INV-0279,BATCH-079,Auto-generated test record
PROD0280,Sample Product 280,476,239.69,SupplyCo,INV-0280,BATCH-080,Auto-generated test record
PROD0281,Sample Product 281,403,35.80,TechCorp,INV-0281,BATCH-081,Auto-generated test record
PROD0282,Sample Product 282,404,231.21,OfficeSupplies,INV-0282,BATCH-082,Auto-generated test record
PROD0283,Sample Product 283,116,367.67,FurniturePlus,INV-0283,BATCH-083,Auto-generated test record
PROD0284,Sample Product 284,313,34.26,GadgetWorld,INV-0284,BATCH-084,Auto-generated test record
PROD0285,Sample Product 285,226,177.14,SupplyCo,INV-0285,BATCH-085,Auto-generated test record
PROD0286,Sample Product 286,277,469.09,TechCorp,INV-0286,BATCH-086,Auto-generated test record
PROD0287,Sample Product 287,37,460.78,OfficeSupplies,INV-0287,BATCH-087,Auto-generated test record
PROD0288,Sample Product 288,264,206.01,FurniturePlus,INV-0288,BATCH-088,Auto-generated test record
PROD0289,Sample Product 289,2,42.75,GadgetWorld,INV-0289,BATCH-089,Auto-generated test record
PROD0290,Sample Product 290,73,411.38,SupplyCo,INV-0290,BATCH-090,Auto-generated test record
PROD0291,Sample Product 291,199,277.35,TechCorp,INV-0291,BATCH-091,Auto-generated test record
PROD0292,Sample Product 292,368,264.03,OfficeSupplies,INV-0292,BATCH-092,Auto-generated test record
PROD0293,Sample Product 293,406,66.07,FurniturePlus,INV-0293,BATCH-093,Auto-generated test record
PROD0294,Sample Product 294,18,450.90,GadgetWorld,INV-0294,BATCH-094,Auto-generated test record
PROD0295,Sample Product 295,117,299.49,SupplyCo,INV-0295,BATCH-095,Auto-generated test record
PROD0296,Sample Product 296,45,240.09,TechCorp,INV-0296,BATCH-096,Auto-generated test record
PROD0297,Sample Product 297,200,301.65,OfficeSupplies,INV-0297,BATCH-097,Auto-generated test record
PROD0298,Sample Product 298,149,257.83,FurniturePlus,INV-0298,BATCH-098,Auto-generated test record
PROD0299,Sample Product 299,165,383.37,GadgetWorld,INV-0299,BATCH-099,Auto-generated test record
PROD0300,Sample Product 300,480,402.58,SupplyCo,INV-0300,BATCH-100,Auto-generated test record
PROD0301,Sample Product 301,481,499.25,TechCorp,INV-0301,BATCH-101,Auto-generated test record
PROD0302,Sample Product 302,430,283.77,OfficeSupplies,INV-0302,BATCH-102,Auto-generated test record
PROD0303,Sample Product 303,89,264.48,FurniturePlus,INV-0303,BATCH-103,Auto-generated test record
PROD0304,Sample Product 304,294,210.09,GadgetWorld,INV-0304,BATCH-104,Auto-generated test record
PROD0305,Sample Product 305,269,456.01,SupplyCo,INV-0305,BATCH-105,Auto-generated test record
PROD0306,Sample Product 306,351,104.12,TechCorp,INV-0306,BATCH-106,Auto-generated test record
PROD0307,Sample Product 307,493,81.15,OfficeSupplies,INV-0307,BATCH-107,Auto-generated test record
PROD0308,Sample Product 308,458,182.94,FurniturePlus,INV-0308,BATCH-108,Auto-generated test record
PROD0309,Sample Product 309,235,347.50,GadgetWorld,INV-0309,BATCH-109,Auto-generated test record
PROD0310,Sample Product 310,234,191.37,SupplyCo,INV-0310,BATCH-110,Auto-generated test record
PROD0311,Sample Product 311,323,207.99,TechCorp,INV-0311,BATCH-111,Auto-generated test record
PROD0312,Sample Product 312,236,453.71,OfficeSupplies,INV-0312,BATCH-112,Auto-generated test record
PROD0313,Sample Product 313,469,112.04,FurniturePlus,INV-0313,BATCH-113,Auto-generated test record
PROD0314,Sample Product 314,209,59.85,GadgetWorld,INV-0314,BATCH-114,Auto-generated test record
PROD0315,Sample Product 315,103,119.70,SupplyCo,INV-0315,BATCH-115,Auto-generated test record
PROD0316,Sample Product 316,417,438.87,TechCorp,INV-0316,BATCH-116,Auto-generated test record
PROD0317,Sample Product 317,211,317.83,OfficeSupplies,INV-0317,BATCH-117,Auto-generated test record
PROD0318,Sample Product 318,440,498.73,FurniturePlus,INV-0318,BATCH-118,Auto-generated test record
PROD0319,Sample Product 319,416,463.34,GadgetWorld,INV-0319,BATCH-119,Auto-generated test record
PROD0320,Sample Product 320,389,7.43,SupplyCo,INV-0320,BATCH-120,Auto-generated test record
PROD0321,Sample Product 321,475,222.61,TechCorp,INV-0321,BATCH-121,Auto-generated test record
PROD0322,Sample Product 322,297,35.44,OfficeSupplies,INV-0322,BATCH-122,Auto-generated test record
PROD0323,Sample Product 323,167,359.11,FurniturePlus,INV-0323,BATCH-123,Auto-generated test record
PROD0324,Sample Product 324,50,133.22,GadgetWorld,INV-0324,BATCH-124,Auto-generated test record
PROD0325,Sample Product 325,397,185.01,SupplyCo,INV-0325,BATCH-125,Auto-generated test record
PROD0326,Sample Product 326,209,90.18,TechCorp,INV-0326,BATCH-126,Auto-generated test record
PROD0327,Sample Product 327,321,38.90,OfficeSupplies,INV-0327,BATCH-127,Auto-generated test record
PROD0328,Sample Product 328,438,169.27,FurniturePlus,INV-0328,BATCH-128,Auto-generated test record
PROD0329,Sample Product 329,416,299.57,GadgetWorld,INV-0329,BATCH-129,Auto-generated test record
PROD0330,Sample Product 330,220,137.40,SupplyCo,INV-0330,BATCH-130,Auto-generated test record
PROD0331,Sample Product 331,100,239.46,TechCorp,INV-0331,BATCH-131,Auto-generated test record
PROD0332,Sample Product 332,141,150.91,OfficeSupplies,INV-0332,BATCH-132,Auto-generated test record
PROD0333,Sample Product 333,331,275.99,FurniturePlus,INV-0333,BATCH-133,Auto-generated test record
PROD0334,Sample Product 334,431,6.81,GadgetWorld,INV-0334,BATCH-134,Auto-generated test record
PROD0335,Sample Product 335,30,464.12,SupplyCo,INV-0335,BATCH-135,Auto-generated test record
PROD0336,Sample Product 336,30,29.61,TechCorp,INV-0336,BATCH-136,Auto-generated test record
PROD0337,Sample Product 337,241,208.14,OfficeSupplies,INV-0337,BATCH-137,Auto-generated test record
PROD0338,Sample Product 338,418,331.90,FurniturePlus,INV-0338,BATCH-138,Auto-generated test record
PROD0339,Sample Product 339,396,38.70,GadgetWorld,INV-0339,BATCH-139,Auto-generated test record
PROD0340,Sample Product 340,361,204.86,SupplyCo,INV-0340,BATCH-140,Auto-generated test record
PROD0341,Sample Product 341,33,39.09,TechCorp,INV-0341,BATCH-141,Auto-generated test record
PROD0342,Sample Product 342,235,304.29,OfficeSupplies,INV-0342,BATCH-142,Auto-generated test record
PROD0343,Sample Product 343,444,41.71,FurniturePlus,INV-0343,BATCH-143,Auto-generated test record
PROD0344,Sample Product 344,143,234.99,GadgetWorld,INV-0344,BATCH-144,Auto-generated test record
PROD0345,Sample Product 345,256,436.30,SupplyCo,INV-0345,BATCH-145,Auto-generated test record
PROD0346,Sample Product 346,64,160.08,TechCorp,INV-0346,BATCH-146,Auto-generated test record
PROD0347,Sample Product 347,286,355.87,OfficeSupplies,INV-0347,BATCH-147,Auto-generated test record
PROD0348,Sample Product 348,431,428.29,FurniturePlus,INV-0348,BATCH-148,Auto-generated test record
PROD0349,Sample Product 349,30,301.07,GadgetWorld,INV-0349,BATCH-149,Auto-generated test record
PROD0350,Sample Product 350,162,332.35,SupplyCo,INV-0350,BATCH-150,Auto-generated test record
PROD0351,Sample Product 351,178,336.12,TechCorp,INV-0351,BATCH-151,Auto-generated test record
PROD0352,Sample Product 352,372,454.19,OfficeSupplies,INV-0352,BATCH-152,Auto-generated test record
PROD0353,Sample Product 353,495,390.78,FurniturePlus,INV-0353,BATCH-153,Auto-generated test record
PROD0354,Sample Product 354,185,324.18,GadgetWorld,INV-0354,BATCH-154,Auto-generated test record
PROD0355,Sample Product 355,399,291.22,SupplyCo,INV-0355,BATCH-155,Auto-generated test record
PROD0356,Sample Product 356,306,325.04,TechCorp,INV-0356,BATCH-156,Auto-generated test record
PROD0357,Sample Product 357,424,236.62,OfficeSupplies,INV-0357,BATCH-157,Auto-generated test record
PROD0358,Sample Product 358,82,443.64,FurniturePlus,INV-0358,BATCH-158,Auto-generated test record
PROD0359,Sample Product 359,235,470.26,GadgetWorld,INV-0359,BATCH-159,Auto-generated test record
PROD0360,Sample Product 360,138,207.37,SupplyCo,INV-0360,BATCH-160,Auto-generated test record
PROD0361,Sample Product 361,256,384.92,TechCorp,INV-0361,BATCH-161,Auto-generated test record
PROD0362,Sample Product 362,153,199.48,OfficeSupplies,INV-0362,BATCH-162,Auto-generated test record
PROD0363,Sample Product 363,464,424.99,FurniturePlus,INV-0363,BATCH-163,Auto-generated test record
PROD0364,Sample Product 364,215,176.23,GadgetWorld,INV-0364,BATCH-164,Auto-generated test record
PROD0365,Sample Product 365,281,130.23,SupplyCo,INV-0365,BATCH-165,Auto-generated test record
PROD0366,Sample Product 366,363,41.73,TechCorp,INV-0366,BATCH-166,Auto-generated test record
PROD0367,Sample Product 367,274,455.90,OfficeSupplies,INV-0367,BATCH-167,Auto-generated test record
PROD0368,Sample Product 368,105,58.82,FurniturePlus,INV-0368,BATCH-168,Auto-generated test record
PROD0369,Sample Product 369,384,269.27,GadgetWorld,INV-0369,BATCH-169,Auto-generated test record
PROD0370,Sample Product 370,372,464.07,SupplyCo,INV-0370,BATCH-170,Auto-generated test record
PROD0371,Sample Product 371,91,30.71,TechCorp,INV-0371,BATCH-171,Auto-generated test record
PROD0372,Sample Product 372,237,115.55,OfficeSupplies,INV-0372,BATCH-172,Auto-generated test record
PROD0373,Sample Product 373,473,16.29,FurniturePlus,INV-0373,BATCH-173,Auto-generated test record
PROD0374,Sample Product 374,444,117.11,GadgetWorld,INV-0374,BATCH-174,Auto-generated test record
PROD0375,Sample Product 375,405,116.99,SupplyCo,INV-0375,BATCH-175,Auto-generated test record
PROD0376,Sample Product 376,352,434.98,TechCorp,INV-0376,BATCH-176,Auto-generated test record
PROD0377,Sample Product 377,287,403.55,OfficeSupplies,INV-0377,BATCH-177,Auto-generated test record
PROD0378,Sample Product 378,23,96.77,FurniturePlus,INV-0378,BATCH-178,Auto-generated test record
PROD0379,Sample Product 379,172,131.92,GadgetWorld,INV-0379,BATCH-179,Auto-generated test record
PROD0380,Sample Product 380,125,354.78,SupplyCo,INV-0380,BATCH-180,Auto-generated test record
PROD0381,Sample Product 381,259,410.32,TechCorp,INV-0381,BATCH-181,Auto-generated test record
PROD0382,Sample Product 382,396,151.21,OfficeSupplies,INV-0382,BATCH-182,Auto-generated test record
PROD0383,Sample Product 383,98,248.45,FurniturePlus,INV-0383,BATCH-183,Auto-generated test record
PROD0384,Sample Product 384,306,219.51,GadgetWorld,INV-0384,BATCH-184,Auto-generated test record
PROD0385,Sample Product 385,318,71.09,SupplyCo,INV-0385,BATCH-185,Auto-generated test record
PROD0386,Sample Product 386,16,204.24,TechCorp,INV-0386,BATCH-186,Auto-generated test record
PROD0387,Sample Product 387,494,151.42,OfficeSupplies,INV-0387,BATCH-187,Auto-generated test record
PROD0388,Sample Product 388,119,478.47,FurniturePlus,INV-0388,BATCH-188,Auto-generated test record
PROD0389,Sample Product 389,83,229.14,GadgetWorld,INV-0389,BATCH-189,Auto-generated test record
PROD0390,Sample Product 390,45,444.58,SupplyCo,INV-0390,BATCH-190,Auto-generated test record
PROD0391,Sample Product 391,31,181.70,TechCorp,INV-0391,BATCH-191,Auto-generated test record
PROD0392,Sample Product 392,247,489.25,OfficeSupplies,INV-0392,BATCH-192,Auto-generated test record
PROD0393,Sample Product 393,499,53.95,FurniturePlus,INV-0393,BATCH-193,Auto-generated test record
PROD0394,Sample Product 394,129,13.84,GadgetWorld,INV-0394,BATCH-194,Auto-generated test record
PROD0395,Sample Product 395,215,208.15,SupplyCo,INV-0395,BATCH-195,Auto-generated test record
PROD0396,Sample Product 396,357,132.64,TechCorp,INV-0396,BATCH-196,Auto-generated test record
PROD0397,Sample Product 397,267,400.63,OfficeSupplies,INV-0397,BATCH-197,Auto-generated test record
PROD0398,Sample Product 398,210,83.44,FurniturePlus,INV-0398,BATCH-198,Auto-generated test record
PROD0399,Sample Product 399,386,373.65,GadgetWorld,INV-0399,BATCH-199,Auto-generated test record
PROD0400,Sample Product 400,479,164.16,SupplyCo,INV-0400,BATCH-200,Auto-generated test record
PROD0401,Sample Product 401,415,105.12,TechCorp,INV-0401,BATCH-001,Auto-generated test record
PROD0402,Sample Product 402,492,161.99,OfficeSupplies,INV-0402,BATCH-002,Auto-generated test record
PROD0403,Sample Product 403,394,293.18,FurniturePlus,INV-0403,BATCH-003,Auto-generated test record
PROD0404,Sample Product 404,22,287.53,GadgetWorld,INV-0404,BATCH-004,Auto-generated test record
PROD0405,Sample Product 405,68,64.28,SupplyCo,INV-0405,BATCH-005,Auto-generated test record
PROD0406,Sample Product 406,318,337.84,TechCorp,INV-0406,BATCH-006,Auto-generated test record
PROD0407,Sample Product 407,267,493.87,OfficeSupplies,INV-0407,BATCH-007,Auto-generated test record
PROD0408,Sample Product 408,455,211.67,FurniturePlus,INV-0408,BATCH-008,Auto-generated test record
PROD0409,Sample Product 409,189,422.95,GadgetWorld,INV-0409,BATCH-009,Auto-generated test record
PROD0410,Sample Product 410,39,209.37,SupplyCo,INV-0410,BATCH-010,Auto-generated test record
PROD0411,Sample Product 411,261,464.74,TechCorp,INV-0411,BATCH-011,Auto-generated test record
PROD0412,Sample Product 412,247,445.95,OfficeSupplies,INV-0412,BATCH-012,Auto-generated test record
PROD0413,Sample Product 413,149,387.76,FurniturePlus,INV-0413,BATCH-013,Auto-generated test record
PROD0414,Sample Product 414,269,424.16,GadgetWorld,INV-0414,BATCH-014,Auto-generated test record
PROD0415,Sample Product 415,139,200.56,SupplyCo,INV-0415,BATCH-015,Auto-generated test record
PROD0416,Sample Product 416,375,227.60,TechCorp,INV-0416,BATCH-016,Auto-generated test record
PROD0417,Sample Product 417,120,305.90,OfficeSupplies,INV-0417,BATCH-017,Auto-generated test record
PROD0418,Sample Product 418,404,32.28,FurniturePlus,INV-0418,BATCH-018,Auto-generated test record
PROD0419,Sample Product 419,485,81.25,GadgetWorld,INV-0419,BATCH-019,Auto-generated test record
PROD0420,Sample Product 420,440,281.09,SupplyCo,INV-0420,BATCH-020,Auto-generated test record
PROD0421,Sample Product 421,227,90.37,TechCorp,INV-0421,BATCH-021,Auto-generated test record
PROD0422,Sample Product 422,215,258.27,OfficeSupplies,INV-0422,BATCH-022,Auto-generated test record
PROD0423,Sample Product 423,451,330.27,FurniturePlus,INV-0423,BATCH-023,Auto-generated test record
PROD0424,Sample Product 424,68,216.82,GadgetWorld,INV-0424,BATCH-024,Auto-generated test record
PROD0425,Sample Product 425,377,275.75,SupplyCo,INV-0425,BATCH-025,Auto-generated test record
PROD0426,Sample Product 426,475,452.57,TechCorp,INV-0426,BATCH-026,Auto-generated test record
PROD0427,Sample Product 427,318,497.64,OfficeSupplies,INV-0427,BATCH-027,Auto-generated test record
PROD0428,Sample Product 428,230,350.35,FurniturePlus,INV-0428,BATCH-028,Auto-generated test record
PROD0429,Sample Product 429,242,264.34,GadgetWorld,INV-0429,BATCH-029,Auto-generated test record
PROD0430,Sample Product 430,177,207.94,SupplyCo,INV-0430,BATCH-030,Auto-generated test record
PROD0431,Sample Product 431,101,31.73,TechCorp,INV-0431,BATCH-031,Auto-generated test record
PROD0432,Sample Product 432,399,494.28,OfficeSupplies,INV-0432,BATCH-032,Auto-generated test record
PROD0433,Sample Product 433,293,64.26,FurniturePlus,INV-0433,BATCH-033,Auto-generated test record
PROD0434,Sample Product 434,330,168.96,GadgetWorld,INV-0434,BATCH-034,Auto-generated test record
PROD0435,Sample Product 435,145,309.78,SupplyCo,INV-0435,BATCH-035,Auto-generated test record
PROD0436,Sample Product 436,17,81.06,TechCorp,INV-0436,BATCH-036,Auto-generated test record
PROD0437,Sample Product 437,252,181.11,OfficeSupplies,INV-0437,BATCH-037,Auto-generated test record
PROD0438,Sample Product 438,26,388.22,FurniturePlus,INV-0438,BATCH-038,Auto-generated test record
PROD0439,Sample Product 439,406,107.64,GadgetWorld,INV-0439,BATCH-039,Auto-generated test record
PROD0440,Sample Product 440,189,486.44,SupplyCo,INV-0440,BATCH-040,Auto-generated test record
PROD0441,Sample Product 441,482,435.33,TechCorp,INV-0441,BATCH-041,Auto-generated test record
PROD0442,Sample Product 442,148,265.84,OfficeSupplies,INV-0442,BATCH-042,Auto-generated test record
PROD0443,Sample Product 443,301,492.61,FurniturePlus,INV-0443,BATCH-043,Auto-generated test record
PROD0444,Sample Product 444,362,315.80,GadgetWorld,INV-0444,BATCH-044,Auto-generated test record
PROD0445,Sample Product 445,199,121.69,SupplyCo,INV-0445,BATCH-045,Auto-generated test record
PROD0446,Sample Product 446,350,349.42,TechCorp,INV-0446,BATCH-046,Auto-generated test record
PROD0447,Sample Product 447,287,255.50,OfficeSupplies,INV-0447,BATCH-047,Auto-generated test record
PROD0448,Sample Product 448,53,59.53,FurniturePlus,INV-0448,BATCH-048,Auto-generated test record
PROD0449,Sample Product 449,12,306.12,GadgetWorld,INV-0449,BATCH-049,Auto-generated test record
PROD0450,Sample Product 450,375,463.44,SupplyCo,INV-0450,BATCH-050,Auto-generated test record
PROD0451,Sample Product 451,176,227.93,TechCorp,INV-0451,BATCH-051,Auto-generated test record
PROD0452,Sample Product 452,47,216.31,OfficeSupplies,INV-0452,BATCH-052,Auto-generated test record
PROD0453,Sample Product 453,424,434.68,FurniturePlus,INV-0453,BATCH-053,Auto-generated test record
PROD0454,Sample Product 454,299,155.62,GadgetWorld,INV-0454,BATCH-054,Auto-generated test record
PROD0455,Sample Product 455,474,103.08,SupplyCo,INV-0455,BATCH-055,Auto-generated test record
PROD0456,Sample Product 456,498,474.37,TechCorp,INV-0456,BATCH-056,Auto-generated test record
PROD0457,Sample Product 457,61,141.74,OfficeSupplies,INV-0457,BATCH-057,Auto-generated test record
PROD0458,Sample Product 458,453,102.87,FurniturePlus,INV-0458,BATCH-058,Auto-generated test record
PROD0459,Sample Product 459,147,117.13,GadgetWorld,INV-0459,BATCH-059,Auto-generated test record
PROD0460,Sample Product 460,428,351.18,SupplyCo,INV-0460,BATCH-060,Auto-generated test record
PROD0461,Sample Product 461,323,453.74,TechCorp,INV-0461,BATCH-061,Auto-generated test record
PROD0462,Sample Product 462,302,295.42,OfficeSupplies,INV-0462,BATCH-062,Auto-generated test record
PROD0463,Sample Product 463,435,17.68,FurniturePlus,INV-0463,BATCH-063,Auto-generated test record
PROD0464,Sample Product 464,38,116.75,GadgetWorld,INV-0464,BATCH-064,Auto-generated test record
PROD0465,Sample Product 465,281,33.41,SupplyCo,INV-0465,BATCH-065,Auto-generated test record
PROD0466,Sample Product 466,342,130.13,TechCorp,INV-0466,BATCH-066,Auto-generated test record
PROD0467,Sample Product 467,18,236.36,OfficeSupplies,INV-0467,BATCH-067,Auto-generated test record
PROD0468,Sample Product 468,61,89.80,FurniturePlus,INV-0468,BATCH-068,Auto-generated test record
PROD0469,Sample Product 469,89,232.71,GadgetWorld,INV-0469,BATCH-069,Auto-generated test record
PROD0470,Sample Product 470,311,167.62,SupplyCo,INV-0470,BATCH-070,Auto-generated test record
PROD0471,Sample Product 471,258,157.17,TechCorp,INV-0471,BATCH-071,Auto-generated test record
PROD0472,Sample Product 472,419,170.35,OfficeSupplies,INV-0472,BATCH-072,Auto-generated test record
PROD0473,Sample Product 473,452,224.34,FurniturePlus,INV-0473,BATCH-073,Auto-generated test record
PROD0474,Sample Product 474,373,44.12,GadgetWorld,INV-0474,BATCH-074,Auto-generated test record
PROD0475,Sample Product 475,476,99.69,SupplyCo,INV-0475,BATCH-075,Auto-generated test record
PROD0476,Sample Product 476,173,315.98,TechCorp,INV-0476,BATCH-076,Auto-generated test record
PROD0477,Sample Product 477,222,347.06,OfficeSupplies,INV-0477,BATCH-077,Auto-generated test record
PROD0478,Sample Product 478,326,135.43,FurniturePlus,INV-0478,BATCH-078,Auto-generated test record
PROD0479,Sample Product 479,426,237.39,GadgetWorld,INV-0479,BATCH-079,Auto-generated test record
PROD0480,Sample Product 480,333,419.60,SupplyCo,INV-0480,BATCH-080,Auto-generated test record
PROD0481,Sample Product 481,207,223.96,TechCorp,INV-0481,BATCH-081,Auto-generated test record
PROD0482,Sample Product 482,308,262.04,OfficeSupplies,INV-0482,BATCH-082,Auto-generated test record
PROD0483,Sample Product 483,272,346.58,FurniturePlus,INV-0483,BATCH-083,Auto-generated test record
PROD0484,Sample Product 484,97,56.36,GadgetWorld,INV-0484,BATCH-084,Auto-generated test record
PROD0485,Sample Product 485,426,158.36,SupplyCo,INV-0485,BATCH-085,Auto-generated test record
PROD0486,Sample Product 486,208,91.73,TechCorp,INV-0486,BATCH-086,Auto-generated test record
PROD0487,Sample Product 487,227,474.57,OfficeSupplies,INV-0487,BATCH-087,Auto-generated test record
PROD0488,Sample Product 488,117,332.28,FurniturePlus,INV-0488,BATCH-088,Auto-generated test record
PROD0489,Sample Product 489,92,497.18,GadgetWorld,INV-0489,BATCH-089,Auto-generated test record
PROD0490,Sample Product 490,21,230.97,SupplyCo,INV-0490,BATCH-090,Auto-generated test record
PROD0491,Sample Product 491,84,61.81,TechCorp,INV-0491,BATCH-091,Auto-generated test record
PROD0492,Sample Product 492,476,132.50,OfficeSupplies,INV-0492,BATCH-092,Auto-generated test record
PROD0493,Sample Product 493,229,111.35,FurniturePlus,INV-0493,BATCH-093,Auto-generated test record
PROD0494,Sample Product 494,366,259.59,GadgetWorld,INV-0494,BATCH-094,Auto-generated test record
PROD0495,Sample Product 495,394,295.08,SupplyCo,INV-0495,BATCH-095,Auto-generated test record
PROD0496,Sample Product 496,212,143.68,TechCorp,INV-0496,BATCH-096,Auto-generated test record
PROD0497,Sample Product 497,86,377.41,OfficeSupplies,INV-0497,BATCH-097,Auto-generated test record
PROD0498,Sample Product 498,286,379.93,FurniturePlus,INV-0498,BATCH-098,Auto-generated test record
PROD0499,Sample Product 499,256,180.33,GadgetWorld,INV-0499,BATCH-099,Auto-generated test record
PROD0500,Sample Product 500,430,212.28,SupplyCo,INV-0500,BATCH-100,Auto-generated test record
PROD0501,Sample Product 501,251,150.50,TechCorp,INV-0501,BATCH-101,Auto-generated test record
PROD0502,Sample Product 502,354,334.40,OfficeSupplies,INV-0502,BATCH-102,Auto-generated test record
PROD0503,Sample Product 503,19,372.83,FurniturePlus,INV-0503,BATCH-103,Auto-generated test record
PROD0504,Sample Product 504,472,271.96,GadgetWorld,INV-0504,BATCH-104,Auto-generated test record
PROD0505,Sample Product 505,390,230.71,SupplyCo,INV-0505,BATCH-105,Auto-generated test record
PROD0506,Sample Product 506,89,48.09,TechCorp,INV-0506,BATCH-106,Auto-generated test record
PROD0507,Sample Product 507,497,234.62,OfficeSupplies,INV-0507,BATCH-107,Auto-generated test record
PROD0508,Sample Product 508,183,353.73,FurniturePlus,INV-0508,BATCH-108,Auto-generated test record
PROD0509,Sample Product 509,293,446.45,GadgetWorld,INV-0509,BATCH-109,Auto-generated test record
PROD0510,Sample Product 510,224,72.45,SupplyCo,INV-0510,BATCH-110,Auto-generated test record
PROD0511,Sample Product 511,305,92.56,TechCorp,INV-0511,BATCH-111,Auto-generated test record
PROD0512,Sample Product 512,404,472.81,OfficeSupplies,INV-0512,BATCH-112,Auto-generated test record
PROD0513,Sample Product 513,261,36.85,FurniturePlus,INV-0513,BATCH-113,Auto-generated test record
PROD0514,Sample Product 514,5,368.19,GadgetWorld,INV-0514,BATCH-114,Auto-generated test record
PROD0515,Sample Product 515,106,229.34,SupplyCo,INV-0515,BATCH-115,Auto-generated test record
PROD0516,Sample Product 516,384,139.37,TechCorp,INV-0516,BATCH-116,Auto-generated test record
PROD0517,Sample Product 517,346,77.36,OfficeSupplies,INV-0517,BATCH-117,Auto-generated test record
PROD0518,Sample Product 518,337,196.40,FurniturePlus,INV-0518,BATCH-118,Auto-generated test record
PROD0519,Sample Product 519,47,279.10,GadgetWorld,INV-0519,BATCH-119,Auto-generated test record
PROD0520,Sample Product 520,388,75.96,SupplyCo,INV-0520,BATCH-120,Auto-generated test record
PROD0521,Sample Product 521,358,243.25,TechCorp,INV-0521,BATCH-121,Auto-generated test record
PROD0522,Sample Product 522,99,59.45,OfficeSupplies,INV-0522,BATCH-122,Auto-generated test record
PROD0523,Sample Product 523,311,281.84,FurniturePlus,INV-0523,BATCH-123,Auto-generated test record
PROD0524,Sample Product 524,16,319.75,GadgetWorld,INV-0524,BATCH-124,Auto-generated test record
PROD0525,Sample Product 525,447,85.60,SupplyCo,INV-0525,BATCH-125,Auto-generated test record
PROD0526,Sample Product 526,320,241.48,TechCorp,INV-0526,BATCH-126,Auto-generated test record
PROD0527,Sample Product 527,265,416.90,OfficeSupplies,INV-0527,BATCH-127,Auto-generated test record
PROD0528,Sample Product 528,475,105.18,FurniturePlus,INV-0528,BATCH-128,Auto-generated test record
PROD0529,Sample Product 529,268,229.89,GadgetWorld,INV-0529,BATCH-129,Auto-generated test record
PROD0530,Sample Product 530,373,491.68,SupplyCo,INV-0530,BATCH-130,Auto-generated test record
PROD0531,Sample Product 531,148,53.95,TechCorp,INV-0531,BATCH-131,Auto-generated test record
PROD0532,Sample Product 532,23,263.68,OfficeSupplies,INV-0532,BATCH-132,Auto-generated test record
PROD0533,Sample Product 533,375,239.66,FurniturePlus,INV-0533,BATCH-133,Auto-generated test record
PROD0534,Sample Product 534,464,305.75,GadgetWorld,INV-0534,BATCH-134,Auto-generated test record
PROD0535,Sample Product 535,154,129.15,SupplyCo,INV-0535,BATCH-135,Auto-generated test record
PROD0536,Sample Product 536,339,144.20,TechCorp,INV-0536,BATCH-136,Auto-generated test record
PROD0537,Sample Product 537,65,429.52,OfficeSupplies,INV-0537,BATCH-137,Auto-generated test record
PROD0538,Sample Product 538,371,305.33,FurniturePlus,INV-0538,BATCH-138,Auto-generated test record
PROD0539,Sample Product 539,458,382.19,GadgetWorld,INV-0539,BATCH-139,Auto-generated test record
PROD0540,Sample Product 540,498,215.81,SupplyCo,INV-0540,BATCH-140,Auto-generated test record
PROD0541,Sample Product 541,49,155.32,TechCorp,INV-0541,BATCH-141,Auto-generated test record
PROD0542,Sample Product 542,233,461.80,OfficeSupplies,INV-0542,BATCH-142,Auto-generated test record
PROD0543,Sample Product 543,495,442.81,FurniturePlus,INV-0543,BATCH-143,Auto-generated test record
PROD0544,Sample Product 544,377,301.58,GadgetWorld,INV-0544,BATCH-144,Auto-generated test record
PROD0545,Sample Product 545,480,399.39,SupplyCo,INV-0545,BATCH-145,Auto-generated test record
PROD0546,Sample Product 546,448,102.23,TechCorp,INV-0546,BATCH-146,Auto-generated test record
PROD0547,Sample Product 547,339,182.52,OfficeSupplies,INV-0547,BATCH-147,Auto-generated test record
PROD0548,Sample Product 548,224,235.09,FurniturePlus,INV-0548,BATCH-148,Auto-generated test record
PROD0549,Sample Product 549,188,165.29,GadgetWorld,INV-0549,BATCH-149,Auto-generated test record
PROD0550,Sample Product 550,125,21.01,SupplyCo,INV-0550,BATCH-150,Auto-generated test record
PROD0551,Sample Product 551,315,336.36,TechCorp,INV-0551,BATCH-151,Auto-generated test record
PROD0552,Sample Product 552,179,134.39,OfficeSupplies,INV-0552,BATCH-152,Auto-generated test record
PROD0553,Sample Product 553,328,427.47,FurniturePlus,INV-0553,BATCH-153,Auto-generated test record
PROD0554,Sample Product 554,426,489.94,GadgetWorld,INV-0554,BATCH-154,Auto-generated test record
PROD0555,Sample Product 555,107,384.30,SupplyCo,INV-0555,BATCH-155,Auto-generated test record
PROD0556,Sample Product 556,180,215.13,TechCorp,INV-0556,BATCH-156,Auto-generated test record
PROD0557,Sample Product 557,55,18.70,OfficeSupplies,INV-0557,BATCH-157,Auto-generated test record
PROD0558,Sample Product 558,43,43.63,FurniturePlus,INV-0558,BATCH-158,Auto-generated test record
PROD0559,Sample Product 559,2,106.86,GadgetWorld,INV-0559,BATCH-159,Auto-generated test record
PROD0560,Sample Product 560,19,341.60,SupplyCo,INV-0560,BATCH-160,Auto-generated test record
PROD0561,Sample Product 561,389,235.58,TechCorp,INV-0561,BATCH-161,Auto-generated test record
PROD0562,Sample Product 562,443,367.33,OfficeSupplies,INV-0562,BATCH-162,Auto-generated test record
PROD0563,Sample Product 563,49,21.32,FurniturePlus,INV-0563,BATCH-163,Auto-generated test record
PROD0564,Sample Product 564,361,45.71,GadgetWorld,INV-0564,BATCH-164,Auto-generated test record
PROD0565,Sample Product 565,139,217.20,SupplyCo,INV-0565,BATCH-165,Auto-generated test record
PROD0566,Sample Product 566,425,16.23,TechCorp,INV-0566,BATCH-166,Auto-generated test record
PROD0567,Sample Product 567,464,125.99,OfficeSupplies,INV-0567,BATCH-167,Auto-generated test record
PROD0568,Sample Product 568,372,41.41,FurniturePlus,INV-0568,BATCH-168,Auto-generated test record
PROD0569,Sample Product 569,341,202.32,GadgetWorld,INV-0569,BATCH-169,Auto-generated test record
PROD0570,Sample Product 570,354,83.53,SupplyCo,INV-0570,BATCH-170,Auto-generated test record
PROD0571,Sample Product 571,54,370.58,TechCorp,INV-0571,BATCH-171,Auto-generated test record
PROD0572,Sample Product 572,41,171.20,OfficeSupplies,INV-0572,BATCH-172,Auto-generated test record
PROD0573,Sample Product 573,78,185.36,FurniturePlus,INV-0573,BATCH-173,Auto-generated test record
PROD0574,Sample Product 574,83,473.95,GadgetWorld,INV-0574,BATCH-174,Auto-generated test record
PROD0575,Sample Product 575,462,428.29,SupplyCo,INV-0575,BATCH-175,Auto-generated test record
PROD0576,Sample Product 576,423,64.39,TechCorp,INV-0576,BATCH-176,Auto-generated test record
PROD0577,Sample Product 577,80,125.27,OfficeSupplies,INV-0577,BATCH-177,Auto-generated test record
PROD0578,Sample Product 578,239,353.94,FurniturePlus,INV-0578,BATCH-178,Auto-generated test record
PROD0579,Sample Product 579,184,269.58,GadgetWorld,INV-0579,BATCH-179,Auto-generated test record
PROD0580,Sample Product 580,430,160.36,SupplyCo,INV-0580,BATCH-180,Auto-generated test record
PROD0581,Sample Product 581,84,281.52,TechCorp,INV-0581,BATCH-181,Auto-generated test record
PROD0582,Sample Product 582,483,271.11,OfficeSupplies,INV-0582,BATCH-182,Auto-generated test record
PROD0583,Sample Product 583,37,250.42,FurniturePlus,INV-0583,BATCH-183,Auto-generated test record
PROD0584,Sample Product 584,337,347.46,GadgetWorld,INV-0584,BATCH-184,Auto-generated test record
PROD0585,Sample Product 585,471,382.52,SupplyCo,INV-0585,BATCH-185,Auto-generated test record
PROD0586,Sample Product 586,114,494.94,TechCorp,INV-0586,BATCH-186,Auto-generated test record
PROD0587,Sample Product 587,251,364.94,OfficeSupplies,INV-0587,BATCH-187,Auto-generated test record
PROD0588,Sample Product 588,96,36.50,FurniturePlus,INV-0588,BATCH-188,Auto-generated test record
PROD0589,Sample Product 589,335,396.45,GadgetWorld,INV-0589,BATCH-189,Auto-generated test record
PROD0590,Sample Product 590,185,72.57,SupplyCo,INV-0590,BATCH-190,Auto-generated test record
PROD0591,Sample Product 591,361,89.02,TechCorp,INV-0591,BATCH-191,Auto-generated test record
PROD0592,Sample Product 592,263,15.76,OfficeSupplies,INV-0592,BATCH-192,Auto-generated test record
PROD0593,Sample Product 593,257,117.96,FurniturePlus,INV-0593,BATCH-193,Auto-generated test record
PROD0594,Sample Product 594,375,112.74,GadgetWorld,INV-0594,BATCH-194,Auto-generated test record
PROD0595,Sample Product 595,204,252.40,SupplyCo,INV-0595,BATCH-195,Auto-generated test record
PROD0596,Sample Product 596,205,124.41,TechCorp,INV-0596,BATCH-196,Auto-generated test record
PROD0597,Sample Product 597,434,301.79,OfficeSupplies,INV-0597,BATCH-197,Auto-generated test record
PROD0598,Sample Product 598,403,297.47,FurniturePlus,INV-0598,BATCH-198,Auto-generated test record
PROD0599,Sample Product 599,66,182.60,GadgetWorld,INV-0599,BATCH-199,Auto-generated test record
PROD0600,Sample Product 600,75,322.17,SupplyCo,INV-0600,BATCH-200,Auto-generated test record
PROD0601,Sample Product 601,407,52.35,TechCorp,INV-0601,BATCH-001,Auto-generated test record
PROD0602,Sample Product 602,183,138.21,OfficeSupplies,INV-0602,BATCH-002,Auto-generated test record
PROD0603,Sample Product 603,69,216.46,FurniturePlus,INV-0603,BATCH-003,Auto-generated test record
PROD0604,Sample Product 604,471,222.94,GadgetWorld,INV-0604,BATCH-004,Auto-generated test record
PROD0605,Sample Product 605,318,318.70,SupplyCo,INV-0605,BATCH-005,Auto-generated test record
PROD0606,Sample Product 606,199,379.31,TechCorp,INV-0606,BATCH-006,Auto-generated test record
PROD0607,Sample Product 607,24,155.29,OfficeSupplies,INV-0607,BATCH-007,Auto-generated test record
PROD0608,Sample Product 608,295,185.41,FurniturePlus,INV-0608,BATCH-008,Auto-generated test record
PROD0609,Sample Product 609,422,231.51,GadgetWorld,INV-0609,BATCH-009,Auto-generated test record
PROD0610,Sample Product 610,38,143.71,SupplyCo,INV-0610,BATCH-010,Auto-generated test record
PROD0611,Sample Product 611,82,9.39,TechCorp,INV-0611,BATCH-011,Auto-generated test record
PROD0612,Sample Product 612,162,353.80,OfficeSupplies,INV-0612,BATCH-012,Auto-generated test record
PROD0613,Sample Product 613,32,302.02,FurniturePlus,INV-0613,BATCH-013,Auto-generated test record
PROD0614,Sample Product 614,472,84.51,GadgetWorld,INV-0614,BATCH-014,Auto-generated test record
PROD0615,Sample Product 615,271,279.31,SupplyCo,INV-0615,BATCH-015,Auto-generated test record
PROD0616,Sample Product 616,131,263.80,TechCorp,INV-0616,BATCH-016,Auto-generated test record
PROD0617,Sample Product 617,238,18.82,OfficeSupplies,INV-0617,BATCH-017,Auto-generated test record
PROD0618,Sample Product 618,177,439.40,FurniturePlus,INV-0618,BATCH-018,Auto-generated test record
PROD0619,Sample Product 619,35,238.81,GadgetWorld,INV-0619,BATCH-019,Auto-generated test record
PROD0620,Sample Product 620,241,371.74,SupplyCo,INV-0620,BATCH-020,Auto-generated test record
PROD0621,Sample Product 621,188,238.31,TechCorp,INV-0621,BATCH-021,Auto-generated test record
PROD0622,Sample Product 622,297,40.32,OfficeSupplies,INV-0622,BATCH-022,Auto-generated test record
PROD0623,Sample Product 623,403,172.62,FurniturePlus,INV-0623,BATCH-023,Auto-generated test record
PROD0624,Sample Product 624,182,227.43,GadgetWorld,INV-0624,BATCH-024,Auto-generated test record
PROD0625,Sample Product 625,426,322.77,SupplyCo,INV-0625,BATCH-025,Auto-generated test record
PROD0626,Sample Product 626,458,494.95,TechCorp,INV-0626,BATCH-026,Auto-generated test record
PROD0627,Sample Product 627,45,264.58,OfficeSupplies,INV-0627,BATCH-027,Auto-generated test record
PROD0628,Sample Product 628,450,41.90,FurniturePlus,INV-0628,BATCH-028,Auto-generated test record
PROD0629,Sample Product 629,66,346.00,GadgetWorld,INV-0629,BATCH-029,Auto-generated test record
PROD0630,Sample Product 630,124,65.61,SupplyCo,INV-0630,BATCH-030,Auto-generated test record
PROD0631,Sample Product 631,277,234.72,TechCorp,INV-0631,BATCH-031,Auto-generated test record
PROD0632,Sample Product 632,14,171.42,OfficeSupplies,INV-0632,BATCH-032,Auto-generated test record
PROD0633,Sample Product 633,171,472.54,FurniturePlus,INV-0633,BATCH-033,Auto-generated test record
PROD0634,Sample Product 634,348,195.40,GadgetWorld,INV-0634,BATCH-034,Auto-generated test record
PROD0635,Sample Product 635,134,206.86,SupplyCo,INV-0635,BATCH-035,Auto-generated test record
PROD0636,Sample Product 636,227,495.03,TechCorp,INV-0636,BATCH-036,Auto-generated test record
PROD0637,Sample Product 637,77,374.56,OfficeSupplies,INV-0637,BATCH-037,Auto-generated test record
PROD0638,Sample Product 638,298,285.84,FurniturePlus,INV-0638,BATCH-038,Auto-generated test record
PROD0639,Sample Product 639,213,457.80,GadgetWorld,INV-0639,BATCH-039,Auto-generated test record
PROD0640,Sample Product 640,464,345.83,SupplyCo,INV-0640,BATCH-040,Auto-generated test record
PROD0641,Sample Product 641,211,132.48,TechCorp,INV-0641,BATCH-041,Auto-generated test record
PROD0642,Sample Product 642,148,394.12,OfficeSupplies,INV-0642,BATCH-042,Auto-generated test record
PROD0643,Sample Product 643,410,33.57,FurniturePlus,INV-0643,BATCH-043,Auto-generated test record
PROD0644,Sample Product 644,434,201.61,GadgetWorld,INV-0644,BATCH-044,Auto-generated test record
PROD0645,Sample Product 645,322,96.47,SupplyCo,INV-0645,BATCH-045,Auto-generated test record
PROD0646,Sample Product 646,352,100.28,TechCorp,INV-0646,BATCH-046,Auto-generated test record
PROD0647,Sample Product 647,169,276.18,OfficeSupplies,INV-0647,BATCH-047,Auto-generated test record
PROD0648,Sample Product 648,134,268.83,FurniturePlus,INV-0648,BATCH-048,Auto-generated test record
PROD0649,Sample Product 649,276,172.87,GadgetWorld,INV-0649,BATCH-049,Auto-generated test record
PROD0650,Sample Product 650,98,145.81,SupplyCo,INV-0650,BATCH-050,Auto-generated test record
PROD0651,Sample Product 651,425,159.27,TechCorp,INV-0651,BATCH-051,Auto-generated test record
PROD0652,Sample Product 652,142,76.37,OfficeSupplies,INV-0652,BATCH-052,Auto-generated test record
PROD0653,Sample Product 653,491,246.88,FurniturePlus,INV-0653,BATCH-053,Auto-generated test record
PROD0654,Sample Product 654,230,131.48,GadgetWorld,INV-0654,BATCH-054,Auto-generated test record
PROD0655,Sample Product 655,234,381.36,SupplyCo,INV-0655,BATCH-055,Auto-generated test record
PROD0656,Sample Product 656,446,134.33,TechCorp,INV-0656,BATCH-056,Auto-generated test record
PROD0657,Sample Product 657,426,61.71,OfficeSupplies,INV-0657,BATCH-057,Auto-generated test record
PROD0658,Sample Product 658,102,358.13,FurniturePlus,INV-0658,BATCH-058,Auto-generated test record
PROD0659,Sample Product 659,409,434.86,GadgetWorld,INV-0659,BATCH-059,Auto-generated test record
PROD0660,Sample Product 660,268,359.12,SupplyCo,INV-0660,BATCH-060,Auto-generated test record
PROD0661,Sample Product 661,199,66.06,TechCorp,INV-0661,BATCH-061,Auto-generated test record
PROD0662,Sample Product 662,166,82.52,OfficeSupplies,INV-0662,BATCH-062,Auto-generated test record
PROD0663,Sample Product 663,31,473.56,FurniturePlus,INV-0663,BATCH-063,Auto-generated test record
PROD0664,Sample Product 664,105,151.34,GadgetWorld,INV-0664,BATCH-064,Auto-generated test record
PROD0665,Sample Product 665,196,327.17,SupplyCo,INV-0665,BATCH-065,Auto-generated test record
PROD0666,Sample Product 666,456,353.16,TechCorp,INV-0666,BATCH-066,Auto-generated test record
PROD0667,Sample Product 667,147,77.54,OfficeSupplies,INV-0667,BATCH-067,Auto-generated test record
PROD0668,Sample Product 668,110,401.47,FurniturePlus,INV-0668,BATCH-068,Auto-generated test record
PROD0669,Sample Product 669,196,410.31,GadgetWorld,INV-0669,BATCH-069,Auto-generated test record
PROD0670,Sample Product 670,345,279.63,SupplyCo,INV-0670,BATCH-070,Auto-generated test record
PROD0671,Sample Product 671,133,289.92,TechCorp,INV-0671,BATCH-071,Auto-generated test record
PROD0672,Sample Product 672,428,80.85,OfficeSupplies,INV-0672,BATCH-072,Auto-generated test record
PROD0673,Sample Product 673,196,41.05,FurniturePlus,INV-0673,BATCH-073,Auto-generated test record
PROD0674,Sample Product 674,90,217.92,GadgetWorld,INV-0674,BATCH-074,Auto-generated test record
PROD0675,Sample Product 675,31,418.15,SupplyCo,INV-0675,BATCH-075,Auto-generated test record
PROD0676,Sample Product 676,478,272.24,TechCorp,INV-0676,BATCH-076,Auto-generated test record
PROD0677,Sample Product 677,72,267.91,OfficeSupplies,INV-0677,BATCH-077,Auto-generated test record
PROD0678,Sample Product 678,145,136.14,FurniturePlus,INV-0678,BATCH-078,Auto-generated test record
PROD0679,Sample Product 679,164,72.48,GadgetWorld,INV-0679,BATCH-079,Auto-generated test record
PROD0680,Sample Product 680,290,483.21,SupplyCo,INV-0680,BATCH-080,Auto-generated test record
PROD0681,Sample Product 681,132,147.74,TechCorp,INV-0681,BATCH-081,Auto-generated test record
PROD0682,Sample Product 682,116,120.56,OfficeSupplies,INV-0682,BATCH-082,Auto-generated test record
PROD0683,Sample Product 683,230,37.50,FurniturePlus,INV-0683,BATCH-083,Auto-generated test record
PROD0684,Sample Product 684,14,488.96,GadgetWorld,INV-0684,BATCH-084,Auto-generated test record
PROD0685,Sample Product 685,63,63.66,SupplyCo,INV-0685,BATCH-085,Auto-generated test record
PROD0686,Sample Product 686,439,479.68,TechCorp,INV-0686,BATCH-086,Auto-generated test record
PROD0687,Sample Product 687,399,472.58,OfficeSupplies,INV-0687,BATCH-087,Auto-generated test record
PROD0688,Sample Product 688,163,157.28,FurniturePlus,INV-0688,BATCH-088,Auto-generated test record
PROD0689,Sample Product 689,203,26.73,GadgetWorld,INV-0689,BATCH-089,Auto-generated test record
PROD0690,Sample Product 690,191,57.31,SupplyCo,INV-0690,BATCH-090,Auto-generated test record
PROD0691,Sample Product 691,353,411.36,TechCorp,INV-0691,BATCH-091,Auto-generated test record
PROD0692,Sample Product 692,54,405.99,OfficeSupplies,INV-0692,BATCH-092,Auto-generated test record
PROD0693,Sample Product 693,148,18.02,FurniturePlus,INV-0693,BATCH-093,Auto-generated test record
PROD0694,Sample Product 694,148,144.12,GadgetWorld,INV-0694,BATCH-094,Auto-generated test record
PROD0695,Sample Product 695,238,247.82,SupplyCo,INV-0695,BATCH-095,Auto-generated test record
PROD0696,Sample Product 696,260,62.99,TechCorp,INV-0696,BATCH-096,Auto-generated test record
PROD0697,Sample Product 697,354,486.59,OfficeSupplies,INV-0697,BATCH-097,Auto-generated test record
PROD0698,Sample Product 698,340,362.33,FurniturePlus,INV-0698,BATCH-098,Auto-generated test record
PROD0699,Sample Product 699,265,134.88,GadgetWorld,INV-0699,BATCH-099,Auto-generated test record
PROD0700,Sample Product 700,156,8.97,SupplyCo,INV-0700,BATCH-100,Auto-generated test record
PROD0701,Sample Product 701,310,330.20,TechCorp,INV-0701,BATCH-101,Auto-generated test record
PROD0702,Sample Product 702,259,194.17,OfficeSupplies,INV-0702,BATCH-102,Auto-generated test record
PROD0703,Sample Product 703,116,59.05,FurniturePlus,INV-0703,BATCH-103,Auto-generated test record
PROD0704,Sample Product 704,182,156.27,GadgetWorld,INV-0704,BATCH-104,Auto-generated test record
PROD0705,Sample Product 705,78,83.48,SupplyCo,INV-0705,BATCH-105,Auto-generated test record
PROD0706,Sample Product 706,402,499.54,TechCorp,INV-0706,BATCH-106,Auto-generated test record
PROD0707,Sample Product 707,325,247.80,OfficeSupplies,INV-0707,BATCH-107,Auto-generated test record
PROD0708,Sample Product 708,459,370.26,FurniturePlus,INV-0708,BATCH-108,Auto-generated test record
PROD0709,Sample Product 709,455,395.59,GadgetWorld,INV-0709,BATCH-109,Auto-generated test record
PROD0710,Sample Product 710,43,389.06,SupplyCo,INV-0710,BATCH-110,Auto-generated test record
PROD0711,Sample Product 711,149,465.78,TechCorp,INV-0711,BATCH-111,Auto-generated test record
PROD0712,Sample Product 712,334,354.15,OfficeSupplies,INV-0712,BATCH-112,Auto-generated test record
PROD0713,Sample Product 713,334,315.52,FurniturePlus,INV-0713,BATCH-113,Auto-generated test record
PROD0714,Sample Product 714,91,130.01,GadgetWorld,INV-0714,BATCH-114,Auto-generated test record
PROD0715,Sample Product 715,377,175.36,SupplyCo,INV-0715,BATCH-115,Auto-generated test record
PROD0716,Sample Product 716,80,234.32,TechCorp,INV-0716,BATCH-116,Auto-generated test record
PROD0717,Sample Product 717,478,399.69,OfficeSupplies,INV-0717,BATCH-117,Auto-generated test record
PROD0718,Sample Product 718,181,78.85,FurniturePlus,INV-0718,BATCH-118,Auto-generated test record
PROD0719,Sample Product 719,332,479.59,GadgetWorld,INV-0719,BATCH-119,Auto-generated test record
PROD0720,Sample Product 720,443,66.22,SupplyCo,INV-0720,BATCH-120,Auto-generated test record
PROD0721,Sample Product 721,332,264.78,TechCorp,INV-0721,BATCH-121,Auto-generated test record
PROD0722,Sample Product 722,87,453.87,OfficeSupplies,INV-0722,BATCH-122,Auto-generated test record
PROD0723,Sample Product 723,201,43.87,FurniturePlus,INV-0723,BATCH-123,Auto-generated test record
PROD0724,Sample Product 724,134,305.20,GadgetWorld,INV-0724,BATCH-124,Auto-generated test record
PROD0725,Sample Product 725,416,354.92,SupplyCo,INV-0725,BATCH-125,Auto-generated test record
PROD0726,Sample Product 726,110,43.49,TechCorp,INV-0726,BATCH-126,Auto-generated test record
PROD0727,Sample Product 727,138,209.94,OfficeSupplies,INV-0727,BATCH-127,Auto-generated test record
PROD0728,Sample Product 728,379,294.27,FurniturePlus,INV-0728,BATCH-128,Auto-generated test record
PROD0729,Sample Product 729,180,185.07,GadgetWorld,INV-0729,BATCH-129,Auto-generated test record
PROD0730,Sample Product 730,218,383.92,SupplyCo,INV-0730,BATCH-130,Auto-generated test record
PROD0731,Sample Product 731,184,358.61,TechCorp,INV-0731,BATCH-131,Auto-generated test record
PROD0732,Sample Product 732,492,326.08,OfficeSupplies,INV-0732,BATCH-132,Auto-generated test record
PROD0733,Sample Product 733,188,108.01,FurniturePlus,INV-0733,BATCH-133,Auto-generated test record
PROD0734,Sample Product 734,102,356.19,GadgetWorld,INV-0734,BATCH-134,Auto-generated test record
PROD0735,Sample Product 735,245,8.30,SupplyCo,INV-0735,BATCH-135,Auto-generated test record
PROD0736,Sample Product 736,212,144.71,TechCorp,INV-0736,BATCH-136,Auto-generated test record
PROD0737,Sample Product 737,38,452.03,OfficeSupplies,INV-0737,BATCH-137,Auto-generated test record
PROD0738,Sample Product 738,412,137.95,FurniturePlus,INV-0738,BATCH-138,Auto-generated test record
PROD0739,Sample Product 739,406,230.01,GadgetWorld,INV-0739,BATCH-139,Auto-generated test record
PROD0740,Sample Product 740,214,419.32,SupplyCo,INV-0740,BATCH-140,Auto-generated test record
PROD0741,Sample Product 741,212,244.88,TechCorp,INV-0741,BATCH-141,Auto-generated test record
PROD0742,Sample Product 742,343,10.78,OfficeSupplies,INV-0742,BATCH-142,Auto-generated test record
PROD0743,Sample Product 743,367,200.76,FurniturePlus,INV-0743,BATCH-143,Auto-generated test record
PROD0744,Sample Product 744,215,434.69,GadgetWorld,INV-0744,BATCH-144,Auto-generated test record
PROD0745,Sample Product 745,467,452.64,SupplyCo,INV-0745,BATCH-145,Auto-generated test record
PROD0746,Sample Product 746,208,351.67,TechCorp,INV-0746,BATCH-146,Auto-generated test record
PROD0747,Sample Product 747,180,236.68,OfficeSupplies,INV-0747,BATCH-147,Auto-generated test record
PROD0748,Sample Product 748,192,421.15,FurniturePlus,INV-0748,BATCH-148,Auto-generated test record
PROD0749,Sample Product 749,188,263.16,GadgetWorld,INV-0749,BATCH-149,Auto-generated test record
PROD0750,Sample Product 750,475,227.09,SupplyCo,INV-0750,BATCH-150,Auto-generated test record
PROD0751,Sample Product 751,267,73.31,TechCorp,INV-0751,BATCH-151,Auto-generated test record
PROD0752,Sample Product 752,50,70.31,OfficeSupplies,INV-0752,BATCH-152,Auto-generated test record
PROD0753,Sample Product 753,98,434.14,FurniturePlus,INV-0753,BATCH-153,Auto-generated test record
PROD0754,Sample Product 754,435,117.19,GadgetWorld,INV-0754,BATCH-154,Auto-generated test record
PROD0755,Sample Product 755,124,51.07,SupplyCo,INV-0755,BATCH-155,Auto-generated test record
PROD0756,Sample Product 756,80,41.27,TechCorp,INV-0756,BATCH-156,Auto-generated test record
PROD0757,Sample Product 757,485,455.58,OfficeSupplies,INV-0757,BATCH-157,Auto-generated test record
PROD0758,Sample Product 758,242,364.88,FurniturePlus,INV-0758,BATCH-158,Auto-generated test record
PROD0759,Sample Product 759,419,363.89,GadgetWorld,INV-0759,BATCH-159,Auto-generated test record
PROD0760,Sample Product 760,492,368.49,SupplyCo,INV-0760,BATCH-160,Auto-generated test record
PROD0761,Sample Product 761,451,353.49,TechCorp,INV-0761,BATCH-161,Auto-generated test record
PROD0762,Sample Product 762,13,46.06,OfficeSupplies,INV-0762,BATCH-162,Auto-generated test record
PROD0763,Sample Product 763,303,418.62,FurniturePlus,INV-0763,BATCH-163,Auto-generated test record
PROD0764,Sample Product 764,74,470.48,GadgetWorld,INV-0764,BATCH-164,Auto-generated test record
PROD0765,Sample Product 765,148,436.87,SupplyCo,INV-0765,BATCH-165,Auto-generated test record
PROD0766,Sample Product 766,224,163.68,TechCorp,INV-0766,BATCH-166,Auto-generated test record
PROD0767,Sample Product 767,27,432.73,OfficeSupplies,INV-0767,BATCH-167,Auto-generated test record
PROD0768,Sample Product 768,151,55.09,FurniturePlus,INV-0768,BATCH-168,Auto-generated test record
PROD0769,Sample Product 769,138,320.91,GadgetWorld,INV-0769,BATCH-169,Auto-generated test record
PROD0770,Sample Product 770,171,94.26,SupplyCo,INV-0770,BATCH-170,Auto-generated test record
PROD0771,Sample Product 771,224,425.38,TechCorp,INV-0771,BATCH-171,Auto-generated test record
PROD0772,Sample Product 772,433,101.92,OfficeSupplies,INV-0772,BATCH-172,Auto-generated test record
PROD0773,Sample Product 773,384,292.95,FurniturePlus,INV-0773,BATCH-173,Auto-generated test record
PROD0774,Sample Product 774,493,193.75,GadgetWorld,INV-0774,BATCH-174,Auto-generated test record
PROD0775,Sample Product 775,99,348.27,SupplyCo,INV-0775,BATCH-175,Auto-generated test record
PROD0776,Sample Product 776,346,123.17,TechCorp,INV-0776,BATCH-176,Auto-generated test record
PROD0777,Sample Product 777,407,79.88,OfficeSupplies,INV-0777,BATCH-177,Auto-generated test record
PROD0778,Sample Product 778,471,138.06,FurniturePlus,INV-0778,BATCH-178,Auto-generated test record
PROD0779,Sample Product 779,157,204.72,GadgetWorld,INV-0779,BATCH-179,Auto-generated test record
PROD0780,Sample Product 780,357,97.17,SupplyCo,INV-0780,BATCH-180,Auto-generated test record
PROD0781,Sample Product 781,326,380.77,TechCorp,INV-0781,BATCH-181,Auto-generated test record
PROD0782,Sample Product 782,212,303.32,OfficeSupplies,INV-0782,BATCH-182,Auto-generated test record
PROD0783,Sample Product 783,302,286.04,FurniturePlus,INV-0783,BATCH-183,Auto-generated test record
PROD0784,Sample Product 784,173,427.13,GadgetWorld,INV-0784,BATCH-184,Auto-generated test record
PROD0785,Sample Product 785,7,411.48,SupplyCo,INV-0785,BATCH-185,Auto-generated test record
PROD0786,Sample Product 786,416,409.92,TechCorp,INV-0786,BATCH-186,Auto-generated test record
PROD0787,Sample Product 787,168,152.73,OfficeSupplies,INV-0787,BATCH-187,Auto-generated test record
PROD0788,Sample Product 788,464,234.78,FurniturePlus,INV-0788,BATCH-188,Auto-generated test record
PROD0789,Sample Product 789,471,184.24,GadgetWorld,INV-0789,BATCH-189,Auto-generated test record
PROD0790,Sample Product 790,182,353.06,SupplyCo,INV-0790,BATCH-190,Auto-generated test record
PROD0791,Sample Product 791,383,265.83,TechCorp,INV-0791,BATCH-191,Auto-generated test record
PROD0792,Sample Product 792,365,104.46,OfficeSupplies,INV-0792,BATCH-192,Auto-generated test record
PROD0793,Sample Product 793,488,487.12,FurniturePlus,INV-0793,BATCH-193,Auto-generated test record
PROD0794,Sample Product 794,480,53.39,GadgetWorld,INV-0794,BATCH-194,Auto-generated test record
PROD0795,Sample Product 795,200,368.56,SupplyCo,INV-0795,BATCH-195,Auto-generated test record
PROD0796,Sample Product 796,471,184.23,TechCorp,INV-0796,BATCH-196,Auto-generated test record
PROD0797,Sample Product 797,495,449.53,OfficeSupplies,INV-0797,BATCH-197,Auto-generated test record
PROD0798,Sample Product 798,233,391.00,FurniturePlus,INV-0798,BATCH-198,Auto-generated test record
PROD0799,Sample Product 799,315,470.63,GadgetWorld,INV-0799,BATCH-199,Auto-generated test record
PROD0800,Sample Product 800,270,101.32,SupplyCo,INV-0800,BATCH-200,Auto-generated test record
PROD0801,Sample Product 801,270,99.80,TechCorp,INV-0801,BATCH-001,Auto-generated test record
PROD0802,Sample Product 802,351,217.43,OfficeSupplies,INV-0802,BATCH-002,Auto-generated test record
PROD0803,Sample Product 803,370,84.17,FurniturePlus,INV-0803,BATCH-003,Auto-generated test record
PROD0804,Sample Product 804,336,87.48,GadgetWorld,INV-0804,BATCH-004,Auto-generated test record
PROD0805,Sample Product 805,427,433.30,SupplyCo,INV-0805,BATCH-005,Auto-generated test record
PROD0806,Sample Product 806,389,39.20,TechCorp,INV-0806,BATCH-006,Auto-generated test record
PROD0807,Sample Product 807,368,36.02,OfficeSupplies,INV-0807,BATCH-007,Auto-generated test record
PROD0808,Sample Product 808,489,369.97,FurniturePlus,INV-0808,BATCH-008,Auto-generated test record
PROD0809,Sample Product 809,317,92.34,GadgetWorld,INV-0809,BATCH-009,Auto-generated test record
PROD0810,Sample Product 810,349,359.30,SupplyCo,INV-0810,BATCH-010,Auto-generated test record
PROD0811,Sample Product 811,132,453.00,TechCorp,INV-0811,BATCH-011,Auto-generated test record
PROD0812,Sample Product 812,102,24.76,OfficeSupplies,INV-0812,BATCH-012,Auto-generated test record
PROD0813,Sample Product 813,445,324.44,FurniturePlus,INV-0813,BATCH-013,Auto-generated test record
PROD0814,Sample Product 814,65,390.81,GadgetWorld,INV-0814,BATCH-014,Auto-generated test record
PROD0815,Sample Product 815,55,187.59,SupplyCo,INV-0815,BATCH-015,Auto-generated test record
PROD0816,Sample Product 816,324,76.00,TechCorp,INV-0816,BATCH-016,Auto-generated test record
PROD0817,Sample Product 817,17,469.17,OfficeSupplies,INV-0817,BATCH-017,Auto-generated test record
PROD0818,Sample Product 818,324,47.23,FurniturePlus,INV-0818,BATCH-018,Auto-generated test record
PROD0819,Sample Product 819,215,202.42,GadgetWorld,INV-0819,BATCH-019,Auto-generated test record
PROD0820,Sample Product 820,353,89.80,SupplyCo,INV-0820,BATCH-020,Auto-generated test record
PROD0821,Sample Product 821,341,194.75,TechCorp,INV-0821,BATCH-021,Auto-generated test record
PROD0822,Sample Product 822,375,262.02,OfficeSupplies,INV-0822,BATCH-022,Auto-generated test record
PROD0823,Sample Product 823,371,487.50,FurniturePlus,INV-0823,BATCH-023,Auto-generated test record
PROD0824,Sample Product 824,325,153.88,GadgetWorld,INV-0824,BATCH-024,Auto-generated test record
PROD0825,Sample Product 825,58,219.79,SupplyCo,INV-0825,BATCH-025,Auto-generated test record
PROD0826,Sample Product 826,108,466.58,TechCorp,INV-0826,BATCH-026,Auto-generated test record
PROD0827,Sample Product 827,231,27.16,OfficeSupplies,INV-0827,BATCH-027,Auto-generated test record
PROD0828,Sample Product 828,368,237.50,FurniturePlus,INV-0828,BATCH-028,Auto-generated test record
PROD0829,Sample Product 829,311,485.32,GadgetWorld,INV-0829,BATCH-029,Auto-generated test record
PROD0830,Sample Product 830,22,92.48,SupplyCo,INV-0830,BATCH-030,Auto-generated test record
PROD0831,Sample Product 831,187,499.92,TechCorp,INV-0831,BATCH-031,Auto-generated test record
PROD0832,Sample Product 832,358,120.69,OfficeSupplies,INV-0832,BATCH-032,Auto-generated test record
PROD0833,Sample Product 833,443,340.31,FurniturePlus,INV-0833,BATCH-033,Auto-generated test record
PROD0834,Sample Product 834,154,176.16,GadgetWorld,INV-0834,BATCH-034,Auto-generated test record
PROD0835,Sample Product 835,338,270.31,SupplyCo,INV-0835,BATCH-035,Auto-generated test record
PROD0836,Sample Product 836,10,59.48,TechCorp,INV-0836,BATCH-036,Auto-generated test record
PROD0837,Sample Product 837,45,330.93,OfficeSupplies,INV-0837,BATCH-037,Auto-generated test record
PROD0838,Sample Product 838,66,366.36,FurniturePlus,INV-0838,BATCH-038,Auto-generated test record
PROD0839,Sample Product 839,409,283.45,GadgetWorld,INV-0839,BATCH-039,Auto-generated test record
PROD0840,Sample Product 840,430,68.43,SupplyCo,INV-0840,BATCH-040,Auto-generated test record
PROD0841,Sample Product 841,218,234.87,TechCorp,INV-0841,BATCH-041,Auto-generated test record
PROD0842,Sample Product 842,320,42.95,OfficeSupplies,INV-0842,BATCH-042,Auto-generated test record
PROD0843,Sample Product 843,359,370.17,FurniturePlus,INV-0843,BATCH-043,Auto-generated test record
PROD0844,Sample Product 844,100,490.83,GadgetWorld,INV-0844,BATCH-044,Auto-generated test record
PROD0845,Sample Product 845,418,431.90,SupplyCo,INV-0845,BATCH-045,Auto-generated test record
PROD0846,Sample Product 846,315,211.80,TechCorp,INV-0846,BATCH-046,Auto-generated test record
PROD0847,Sample Product 847,246,321.18,OfficeSupplies,INV-0847,BATCH-047,Auto-generated test record
PROD0848,Sample Product 848,175,179.36,FurniturePlus,INV-0848,BATCH-048,Auto-generated test record
PROD0849,Sample Product 849,141,450.01,GadgetWorld,INV-0849,BATCH-049,Auto-generated test record
PROD0850,Sample Product 850,16,117.48,SupplyCo,INV-0850,BATCH-050,Auto-generated test record
PROD0851,Sample Product 851,273,420.82,TechCorp,INV-0851,BATCH-051,Auto-generated test record
PROD0852,Sample Product 852,378,476.92,OfficeSupplies,INV-0852,BATCH-052,Auto-generated test record
PROD0853,Sample Product 853,143,257.45,FurniturePlus,INV-0853,BATCH-053,Auto-generated test record
PROD0854,Sample Product 854,483,172.67,GadgetWorld,INV-0854,BATCH-054,Auto-generated test record
PROD0855,Sample Product 855,110,42.42,SupplyCo,INV-0855,BATCH-055,Auto-generated test record
PROD0856,Sample Product 856,245,356.05,TechCorp,INV-0856,BATCH-056,Auto-generated test record
PROD0857,Sample Product 857,221,435.11,OfficeSupplies,INV-0857,BATCH-057,Auto-generated test record
PROD0858,Sample Product 858,255,336.17,FurniturePlus,INV-0858,BATCH-058,Auto-generated test record
PROD0859,Sample Product 859,124,275.50,GadgetWorld,INV-0859,BATCH-059,Auto-generated test record
PROD0860,Sample Product 860,177,122.61,SupplyCo,INV-0860,BATCH-060,Auto-generated test record
PROD0861,Sample Product 861,478,137.50,TechCorp,INV-0861,BATCH-061,Auto-generated test record
PROD0862,Sample Product 862,229,112.63,OfficeSupplies,INV-0862,BATCH-062,Auto-generated test record
PROD0863,Sample Product 863,283,462.20,FurniturePlus,INV-0863,BATCH-063,Auto-generated test record
PROD0864,Sample Product 864,51,493.79,GadgetWorld,INV-0864,BATCH-064,Auto-generated test record
PROD0865,Sample Product 865,258,336.15,SupplyCo,INV-0865,BATCH-065,Auto-generated test record
PROD0866,Sample Product 866,315,141.58,TechCorp,INV-0866,BATCH-066,Auto-generated test record
PROD0867,Sample Product 867,383,33.80,OfficeSupplies,INV-0867,BATCH-067,Auto-generated test record
PROD0868,Sample Product 868,390,421.40,FurniturePlus,INV-0868,BATCH-068,Auto-generated test record
PROD0869,Sample Product 869,14,282.02,GadgetWorld,INV-0869,BATCH-069,Auto-generated test record
PROD0870,Sample Product 870,103,93.95,SupplyCo,INV-0870,BATCH-070,Auto-generated test record
PROD0871,Sample Product 871,235,34.72,TechCorp,INV-0871,BATCH-071,Auto-generated test record
PROD0872,Sample Product 872,370,462.45,OfficeSupplies,INV-0872,BATCH-072,Auto-generated test record
PROD0873,Sample Product 873,94,495.89,FurniturePlus,INV-0873,BATCH-073,Auto-generated test record
PROD0874,Sample Product 874,267,432.66,GadgetWorld,INV-0874,BATCH-074,Auto-generated test record
PROD0875,Sample Product 875,39,372.21,SupplyCo,INV-0875,BATCH-075,Auto-generated test record
PROD0876,Sample Product 876,164,439.93,TechCorp,INV-0876,BATCH-076,Auto-generated test record
PROD0877,Sample Product 877,415,105.10,OfficeSupplies,INV-0877,BATCH-077,Auto-generated test record
PROD0878,Sample Product 878,292,435.61,FurniturePlus,INV-0878,BATCH-078,Auto-generated test record
PROD0879,Sample Product 879,377,486.75,GadgetWorld,INV-0879,BATCH-079,Auto-generated test record
PROD0880,Sample Product 880,188,449.00,SupplyCo,INV-0880,BATCH-080,Auto-generated test record
PROD0881,Sample Product 881,406,127.79,TechCorp,INV-0881,BATCH-081,Auto-generated test record
PROD0882,Sample Product 882,184,386.38,OfficeSupplies,INV-0882,BATCH-082,Auto-generated test record
PROD0883,Sample Product 883,402,464.93,FurniturePlus,INV-0883,BATCH-083,Auto-generated test record
PROD0884,Sample Product 884,258,455.70,GadgetWorld,INV-0884,BATCH-084,Auto-generated test record
PROD0885,Sample Product 885,52,466.44,SupplyCo,INV-0885,BATCH-085,Auto-generated test record
PROD0886,Sample Product 886,88,297.17,TechCorp,INV-0886,BATCH-086,Auto-generated test record
PROD0887,Sample Product 887,67,283.89,OfficeSupplies,INV-0887,BATCH-087,Auto-generated test record
PROD0888,Sample Product 888,495,66.22,FurniturePlus,INV-0888,BATCH-088,Auto-generated test record
PROD0889,Sample Product 889,375,44.32,GadgetWorld,INV-0889,BATCH-089,Auto-generated test record
PROD0890,Sample Product 890,283,10.27,SupplyCo,INV-0890,BATCH-090,Auto-generated test record
PROD0891,Sample Product 891,214,26.41,TechCorp,INV-0891,BATCH-091,Auto-generated test record
PROD0892,Sample Product 892,158,101.62,OfficeSupplies,INV-0892,BATCH-092,Auto-generated test record
PROD0893,Sample Product 893,272,450.21,FurniturePlus,INV-0893,BATCH-093,Auto-generated test record
PROD0894,Sample Product 894,89,353.54,GadgetWorld,INV-0894,BATCH-094,Auto-generated test record
PROD0895,Sample Product 895,63,309.60,SupplyCo,INV-0895,BATCH-095,Auto-generated test record
PROD0896,Sample Product 896,416,319.65,TechCorp,INV-0896,BATCH-096,Auto-generated test record
PROD0897,Sample Product 897,211,425.70,OfficeSupplies,INV-0897,BATCH-097,Auto-generated test record
PROD0898,Sample Product 898,314,206.37,FurniturePlus,INV-0898,BATCH-098,Auto-generated test record
PROD0899,Sample Product 899,445,93.26,GadgetWorld,INV-0899,BATCH-099,Auto-generated test record
PROD0900,Sample Product 900,116,72.47,SupplyCo,INV-0900,BATCH-100,Auto-generated test record
PROD0901,Sample Product 901,253,159.94,TechCorp,INV-0901,BATCH-101,Auto-generated test record
PROD0902,Sample Product 902,277,408.37,OfficeSupplies,INV-0902,BATCH-102,Auto-generated test record
PROD0903,Sample Product 903,417,86.53,FurniturePlus,INV-0903,BATCH-103,Auto-generated test record
PROD0904,Sample Product 904,143,96.68,GadgetWorld,INV-0904,BATCH-104,Auto-generated test record
PROD0905,Sample Product 905,112,483.97,SupplyCo,INV-0905,BATCH-105,Auto-generated test record
PROD0906,Sample Product 906,59,290.42,TechCorp,INV-0906,BATCH-106,Auto-generated test record
PROD0907,Sample Product 907,471,46.79,OfficeSupplies,INV-0907,BATCH-107,Auto-generated test record
PROD0908,Sample Product 908,235,15.52,FurniturePlus,INV-0908,BATCH-108,Auto-generated test record
PROD0909,Sample Product 909,397,339.56,GadgetWorld,INV-0909,BATCH-109,Auto-generated test record
PROD0910,Sample Product 910,441,172.72,SupplyCo,INV-0910,BATCH-110,Auto-generated test record
PROD0911,Sample Product 911,454,58.60,TechCorp,INV-0911,BATCH-111,Auto-generated test record
PROD0912,Sample Product 912,483,461.17,OfficeSupplies,INV-0912,BATCH-112,Auto-generated test record
PROD0913,Sample Product 913,67,309.52,FurniturePlus,INV-0913,BATCH-113,Auto-generated test record
PROD0914,Sample Product 914,146,114.21,GadgetWorld,INV-0914,BATCH-114,Auto-generated test record
PROD0915,Sample Product 915,78,443.12,SupplyCo,INV-0915,BATCH-115,Auto-generated test record
PROD0916,Sample Product 916,255,228.12,TechCorp,INV-0916,BATCH-116,Auto-generated test record
PROD0917,Sample Product 917,190,215.56,OfficeSupplies,INV-0917,BATCH-117,Auto-generated test record
PROD0918,Sample Product 918,341,124.08,FurniturePlus,INV-0918,BATCH-118,Auto-generated test record
PROD0919,Sample Product 919,296,388.28,GadgetWorld,INV-0919,BATCH-119,Auto-generated test record
PROD0920,Sample Product 920,206,109.15,SupplyCo,INV-0920,BATCH-120,Auto-generated test record
PROD0921,Sample Product 921,46,496.91,TechCorp,INV-0921,BATCH-121,Auto-generated test record
PROD0922,Sample Product 922,495,318.90,OfficeSupplies,INV-0922,BATCH-122,Auto-generated test record
PROD0923,Sample Product 923,46,372.12,FurniturePlus,INV-0923,BATCH-123,Auto-generated test record
PROD0924,Sample Product 924,392,272.07,GadgetWorld,INV-0924,BATCH-124,Auto-generated test record
PROD0925,Sample Product 925,353,433.09,SupplyCo,INV-0925,BATCH-125,Auto-generated test record
PROD0926,Sample Product 926,292,429.21,TechCorp,INV-0926,BATCH-126,Auto-generated test record
PROD0927,Sample Product 927,99,193.86,OfficeSupplies,INV-0927,BATCH-127,Auto-generated test record
PROD0928,Sample Product 928,293,120.66,FurniturePlus,INV-0928,BATCH-128,Auto-generated test record
PROD0929,Sample Product 929,176,292.32,GadgetWorld,INV-0929,BATCH-129,Auto-generated test record
PROD0930,Sample Product 930,38,197.07,SupplyCo,INV-0930,BATCH-130,Auto-generated test record
PROD0931,Sample Product 931,3,478.12,TechCorp,INV-0931,BATCH-131,Auto-generated test record
PROD0932,Sample Product 932,71,64.09,OfficeSupplies,INV-0932,BATCH-132,Auto-generated test record
PROD0933,Sample Product 933,183,67.23,FurniturePlus,INV-0933,BATCH-133,Auto-generated test record
PROD0934,Sample Product 934,445,286.99,GadgetWorld,INV-0934,BATCH-134,Auto-generated test record
PROD0935,Sample Product 935,286,134.50,SupplyCo,INV-0935,BATCH-135,Auto-generated test record
PROD0936,Sample Product 936,5,412.17,TechCorp,INV-0936,BATCH-136,Auto-generated test record
PROD0937,Sample Product 937,163,22.44,OfficeSupplies,INV-0937,BATCH-137,Auto-generated test record
PROD0938,Sample Product 938,459,243.47,FurniturePlus,INV-0938,BATCH-138,Auto-generated test record
PROD0939,Sample Product 939,96,450.04,GadgetWorld,INV-0939,BATCH-139,Auto-generated test record
PROD0940,Sample Product 940,110,265.42,SupplyCo,INV-0940,BATCH-140,Auto-generated test record
PROD0941,Sample Product 941,98,327.47,TechCorp,INV-0941,BATCH-141,Auto-generated test record
PROD0942,Sample Product 942,143,338.46,OfficeSupplies,INV-0942,BATCH-142,Auto-generated test record
PROD0943,Sample Product 943,375,38.10,FurniturePlus,INV-0943,BATCH-143,Auto-generated test record
PROD0944,Sample Product 944,233,58.42,GadgetWorld,INV-0944,BATCH-144,Auto-generated test record
PROD0945,Sample Product 945,246,239.49,SupplyCo,INV-0945,BATCH-145,Auto-generated test record
PROD0946,Sample Product 946,299,49.78,TechCorp,INV-0946,BATCH-146,Auto-generated test record
PROD0947,Sample Product 947,477,173.54,OfficeSupplies,INV-0947,BATCH-147,Auto-generated test record
PROD0948,Sample Product 948,418,121.60,FurniturePlus,INV-0948,BATCH-148,Auto-generated test record
PROD0949,Sample Product 949,75,338.57,GadgetWorld,INV-0949,BATCH-149,Auto-generated test record
PROD0950,Sample Product 950,143,395.93,SupplyCo,INV-0950,BATCH-150,Auto-generated test record
PROD0951,Sample Product 951,335,425.98,TechCorp,INV-0951,BATCH-151,Auto-generated test record
PROD0952,Sample Product 952,232,363.97,OfficeSupplies,INV-0952,BATCH-152,Auto-generated test record
PROD0953,Sample Product 953,332,383.49,FurniturePlus,INV-0953,BATCH-153,Auto-generated test record
PROD0954,Sample Product 954,456,8.31,GadgetWorld,INV-0954,BATCH-154,Auto-generated test record
PROD0955,Sample Product 955,318,333.64,SupplyCo,INV-0955,BATCH-155,Auto-generated test record
PROD0956,Sample Product 956,53,343.16,TechCorp,INV-0956,BATCH-156,Auto-generated test record
PROD0957,Sample Product 957,51,14.45,OfficeSupplies,INV-0957,BATCH-157,Auto-generated test record
PROD0958,Sample Product 958,12,298.80,FurniturePlus,INV-0958,BATCH-158,Auto-generated test record
PROD0959,Sample Product 959,413,9.28,GadgetWorld,INV-0959,BATCH-159,Auto-generated test record
PROD0960,Sample Product 960,290,233.15,SupplyCo,INV-0960,BATCH-160,Auto-generated test record
PROD0961,Sample Product 961,150,316.99,TechCorp,INV-0961,BATCH-161,Auto-generated test record
PROD0962,Sample Product 962,115,267.26,OfficeSupplies,INV-0962,BATCH-162,Auto-generated test record
PROD0963,Sample Product 963,371,116.12,FurniturePlus,INV-0963,BATCH-163,Auto-generated test record
PROD0964,Sample Product 964,357,27.90,GadgetWorld,INV-0964,BATCH-164,Auto-generated test record
PROD0965,Sample Product 965,425,75.25,SupplyCo,INV-0965,BATCH-165,Auto-generated test record
PROD0966,Sample Product 966,174,445.39,TechCorp,INV-0966,BATCH-166,Auto-generated test record
PROD0967,Sample Product 967,334,30.14,OfficeSupplies,INV-0967,BATCH-167,Auto-generated test record
PROD0968,Sample Product 968,97,393.18,FurniturePlus,INV-0968,BATCH-168,Auto-generated test record
PROD0969,Sample Product 969,61,362.46,GadgetWorld,INV-0969,BATCH-169,Auto-generated test record
PROD0970,Sample Product 970,286,418.22,SupplyCo,INV-0970,BATCH-170,Auto-generated test record
PROD0971,Sample Product 971,311,281.78,TechCorp,INV-0971,BATCH-171,Auto-generated test record
PROD0972,Sample Product 972,9,427.39,OfficeSupplies,INV-0972,BATCH-172,Auto-generated test record
PROD0973,Sample Product 973,171,275.40,FurniturePlus,INV-0973,BATCH-173,Auto-generated test record
PROD0974,Sample Product 974,484,127.86,GadgetWorld,INV-0974,BATCH-174,Auto-generated test record
PROD0975,Sample Product 975,255,278.88,SupplyCo,INV-0975,BATCH-175,Auto-generated test record
PROD0976,Sample Product 976,339,381.76,TechCorp,INV-0976,BATCH-176,Auto-generated test record
PROD0977,Sample Product 977,379,482.97,OfficeSupplies,INV-0977,BATCH-177,Auto-generated test record
PROD0978,Sample Product 978,282,351.67,FurniturePlus,INV-0978,BATCH-178,Auto-generated test record
PROD0979,Sample Product 979,410,16.97,GadgetWorld,INV-0979,BATCH-179,Auto-generated test record
PROD0980,Sample Product 980,216,366.45,SupplyCo,INV-0980,BATCH-180,Auto-generated test record
PROD0981,Sample Product 981,47,194.04,TechCorp,INV-0981,BATCH-181,Auto-generated test record
PROD0982,Sample Product 982,114,308.33,OfficeSupplies,INV-0982,BATCH-182,Auto-generated test record
PROD0983,Sample Product 983,19,274.75,FurniturePlus,INV-0983,BATCH-183,Auto-generated test record
PROD0984,Sample Product 984,487,334.51,GadgetWorld,INV-0984,BATCH-184,Auto-generated test record
PROD0985,Sample Product 985,430,381.01,SupplyCo,INV-0985,BATCH-185,Auto-generated test record
PROD0986,Sample Product 986,200,493.01,TechCorp,INV-0986,BATCH-186,Auto-generated test record
PROD0987,Sample Product 987,20,297.67,OfficeSupplies,INV-0987,BATCH-187,Auto-generated test record
PROD0988,Sample Product 988,436,165.26,FurniturePlus,INV-0988,BATCH-188,Auto-generated test record
PROD0989,Sample Product 989,141,236.31,GadgetWorld,INV-0989,BATCH-189,Auto-generated test record
PROD0990,Sample Product 990,261,244.46,SupplyCo,INV-0990,BATCH-190,Auto-generated test record
PROD0991,Sample Product 991,477,278.93,TechCorp,INV-0991,BATCH-191,Auto-generated test record
PROD0992,Sample Product 992,7,246.24,OfficeSupplies,INV-0992,BATCH-192,Auto-generated test record
PROD0993,Sample Product 993,482,160.65,FurniturePlus,INV-0993,BATCH-193,Auto-generated test record
PROD0994,Sample Product 994,429,242.09,GadgetWorld,INV-0994,BATCH-194,Auto-generated test record
PROD0995,Sample Product 995,380,216.90,SupplyCo,INV-0995,BATCH-195,Auto-generated test record
PROD0996,Sample Product 996,408,419.51,TechCorp,INV-0996,BATCH-196,Auto-generated test record
PROD0997,Sample Product 997,103,374.65,OfficeSupplies,INV-0997,BATCH-197,Auto-generated test record
PROD0998,Sample Product 998,196,242.14,FurniturePlus,INV-0998,BATCH-198,Auto-generated test record
PROD0999,Sample Product 999,189,488.86,GadgetWorld,INV-0999,BATCH-199,Auto-generated test record
PROD1000,Sample Product 1000,354,155.70,SupplyCo,INV-1000,BATCH-200,Auto-generated test record
